[     166ms] [INFO] %cDownload the React DevTools for a better development experience: https://react.dev/link/react-devtools font-weight:bold @ http://localhost:3004/bundle.js:77162
[   24785ms] [ERROR] %s a style property during rerender (%s) when a conflicting property is set (%s) can lead to styling bugs. To avoid this, don't mix shorthand and non-shorthand properties for the same value; instead, replace the shorthand with separate values. Updating border borderStyle @ http://localhost:3004/bundle.js:40802
[   25380ms] [ERROR] %s a style property during rerender (%s) when a conflicting property is set (%s) can lead to styling bugs. To avoid this, don't mix shorthand and non-shorthand properties for the same value; instead, replace the shorthand with separate values. Updating border borderStyle @ http://localhost:3004/bundle.js:40802
[   25977ms] [ERROR] %s a style property during rerender (%s) when a conflicting property is set (%s) can lead to styling bugs. To avoid this, don't mix shorthand and non-shorthand properties for the same value; instead, replace the shorthand with separate values. Updating border borderStyle @ http://localhost:3004/bundle.js:40802
[   26574ms] [ERROR] %s a style property during rerender (%s) when a conflicting property is set (%s) can lead to styling bugs. To avoid this, don't mix shorthand and non-shorthand properties for the same value; instead, replace the shorthand with separate values. Updating border borderStyle @ http://localhost:3004/bundle.js:40802
[   27185ms] [ERROR] %s a style property during rerender (%s) when a conflicting property is set (%s) can lead to styling bugs. To avoid this, don't mix shorthand and non-shorthand properties for the same value; instead, replace the shorthand with separate values. Updating border borderStyle @ http://localhost:3004/bundle.js:40802
[   27784ms] [ERROR] %s a style property during rerender (%s) when a conflicting property is set (%s) can lead to styling bugs. To avoid this, don't mix shorthand and non-shorthand properties for the same value; instead, replace the shorthand with separate values. Updating border borderStyle @ http://localhost:3004/bundle.js:40802
[ 1696331ms] [LOG] [Fast refresh] ./src/promo/layout.ts fast refreshed. @ http://localhost:3004/bundle.js:47390
[ 1696333ms] [LOG] [Fast refresh] ./src/promo/Promo.tsx fast refreshed. @ http://localhost:3004/bundle.js:47390
[ 1696333ms] [LOG] [Fast refresh] ./src/promo/scenes/HookScene.tsx fast refreshed. @ http://localhost:3004/bundle.js:47390
[ 1696333ms] [LOG] [Fast refresh] ./src/promo/SceneShell.tsx fast refreshed. @ http://localhost:3004/bundle.js:47390
[ 1696333ms] [LOG] [Fast refresh] ./src/promo/scenes/OutroScene.tsx fast refreshed. @ http://localhost:3004/bundle.js:47390
[ 1696333ms] [LOG] [Fast refresh] ./src/Root.tsx fast refreshed. @ http://localhost:3004/bundle.js:47390
[ 1698879ms] [LOG] [Fast refresh] ./src/promo/Promo.tsx fast refreshed. @ http://localhost:3004/bundle.js:47390
[ 1701047ms] [LOG] [Fast refresh] ./src/promo/Promo.tsx fast refreshed. @ http://localhost:3004/bundle.js:47390
[ 1701047ms] [LOG] [Fast refresh] ./src/promo/scenes/CampScene.tsx fast refreshed. @ http://localhost:3004/bundle.js:47390
[ 1712204ms] [LOG] [Fast refresh] ./src/promo/scenes/EnrollScene.tsx fast refreshed. @ http://localhost:3004/bundle.js:47390
[ 1713548ms] [LOG] [Fast refresh] ./src/promo/scenes/PlannerScene.tsx fast refreshed. @ http://localhost:3004/bundle.js:47390
[ 1714801ms] [LOG] [Fast refresh] ./src/promo/scenes/PaymentsScene.tsx fast refreshed. @ http://localhost:3004/bundle.js:47390
[ 1869291ms] [ERROR] %s a style property during rerender (%s) when a conflicting property is set (%s) can lead to styling bugs. To avoid this, don't mix shorthand and non-shorthand properties for the same value; instead, replace the shorthand with separate values. Updating border borderStyle @ http://localhost:3004/bundle.js:40802
[ 1869887ms] [ERROR] %s a style property during rerender (%s) when a conflicting property is set (%s) can lead to styling bugs. To avoid this, don't mix shorthand and non-shorthand properties for the same value; instead, replace the shorthand with separate values. Updating border borderStyle @ http://localhost:3004/bundle.js:40802
[ 1870485ms] [ERROR] %s a style property during rerender (%s) when a conflicting property is set (%s) can lead to styling bugs. To avoid this, don't mix shorthand and non-shorthand properties for the same value; instead, replace the shorthand with separate values. Updating border borderStyle @ http://localhost:3004/bundle.js:40802
[ 1871082ms] [ERROR] %s a style property during rerender (%s) when a conflicting property is set (%s) can lead to styling bugs. To avoid this, don't mix shorthand and non-shorthand properties for the same value; instead, replace the shorthand with separate values. Updating border borderStyle @ http://localhost:3004/bundle.js:40802
[ 1871678ms] [ERROR] %s a style property during rerender (%s) when a conflicting property is set (%s) can lead to styling bugs. To avoid this, don't mix shorthand and non-shorthand properties for the same value; instead, replace the shorthand with separate values. Updating border borderStyle @ http://localhost:3004/bundle.js:40802
[ 1872290ms] [ERROR] %s a style property during rerender (%s) when a conflicting property is set (%s) can lead to styling bugs. To avoid this, don't mix shorthand and non-shorthand properties for the same value; instead, replace the shorthand with separate values. Updating border borderStyle @ http://localhost:3004/bundle.js:40802
[ 1909293ms] [ERROR] %s a style property during rerender (%s) when a conflicting property is set (%s) can lead to styling bugs. To avoid this, don't mix shorthand and non-shorthand properties for the same value; instead, replace the shorthand with separate values. Updating border borderStyle @ http://localhost:3004/bundle.js:40802
[ 1909889ms] [ERROR] %s a style property during rerender (%s) when a conflicting property is set (%s) can lead to styling bugs. To avoid this, don't mix shorthand and non-shorthand properties for the same value; instead, replace the shorthand with separate values. Updating border borderStyle @ http://localhost:3004/bundle.js:40802
[ 1910487ms] [ERROR] %s a style property during rerender (%s) when a conflicting property is set (%s) can lead to styling bugs. To avoid this, don't mix shorthand and non-shorthand properties for the same value; instead, replace the shorthand with separate values. Updating border borderStyle @ http://localhost:3004/bundle.js:40802
[ 1911083ms] [ERROR] %s a style property during rerender (%s) when a conflicting property is set (%s) can lead to styling bugs. To avoid this, don't mix shorthand and non-shorthand properties for the same value; instead, replace the shorthand with separate values. Updating border borderStyle @ http://localhost:3004/bundle.js:40802
[ 1911681ms] [ERROR] %s a style property during rerender (%s) when a conflicting property is set (%s) can lead to styling bugs. To avoid this, don't mix shorthand and non-shorthand properties for the same value; instead, replace the shorthand with separate values. Updating border borderStyle @ http://localhost:3004/bundle.js:40802
[ 1912293ms] [ERROR] %s a style property during rerender (%s) when a conflicting property is set (%s) can lead to styling bugs. To avoid this, don't mix shorthand and non-shorthand properties for the same value; instead, replace the shorthand with separate values. Updating border borderStyle @ http://localhost:3004/bundle.js:40802
[ 1949280ms] [ERROR] %s a style property during rerender (%s) when a conflicting property is set (%s) can lead to styling bugs. To avoid this, don't mix shorthand and non-shorthand properties for the same value; instead, replace the shorthand with separate values. Updating border borderStyle @ http://localhost:3004/bundle.js:40802
[ 1949890ms] [ERROR] %s a style property during rerender (%s) when a conflicting property is set (%s) can lead to styling bugs. To avoid this, don't mix shorthand and non-shorthand properties for the same value; instead, replace the shorthand with separate values. Updating border borderStyle @ http://localhost:3004/bundle.js:40802
[ 1950488ms] [ERROR] %s a style property during rerender (%s) when a conflicting property is set (%s) can lead to styling bugs. To avoid this, don't mix shorthand and non-shorthand properties for the same value; instead, replace the shorthand with separate values. Updating border borderStyle @ http://localhost:3004/bundle.js:40802
[ 1951085ms] [ERROR] %s a style property during rerender (%s) when a conflicting property is set (%s) can lead to styling bugs. To avoid this, don't mix shorthand and non-shorthand properties for the same value; instead, replace the shorthand with separate values. Updating border borderStyle @ http://localhost:3004/bundle.js:40802
[ 1951683ms] [ERROR] %s a style property during rerender (%s) when a conflicting property is set (%s) can lead to styling bugs. To avoid this, don't mix shorthand and non-shorthand properties for the same value; instead, replace the shorthand with separate values. Updating border borderStyle @ http://localhost:3004/bundle.js:40802
[ 1952280ms] [ERROR] %s a style property during rerender (%s) when a conflicting property is set (%s) can lead to styling bugs. To avoid this, don't mix shorthand and non-shorthand properties for the same value; instead, replace the shorthand with separate values. Updating border borderStyle @ http://localhost:3004/bundle.js:40802
[ 1989280ms] [ERROR] %s a style property during rerender (%s) when a conflicting property is set (%s) can lead to styling bugs. To avoid this, don't mix shorthand and non-shorthand properties for the same value; instead, replace the shorthand with separate values. Updating border borderStyle @ http://localhost:3004/bundle.js:40802
[ 1989891ms] [ERROR] %s a style property during rerender (%s) when a conflicting property is set (%s) can lead to styling bugs. To avoid this, don't mix shorthand and non-shorthand properties for the same value; instead, replace the shorthand with separate values. Updating border borderStyle @ http://localhost:3004/bundle.js:40802
[ 1990490ms] [ERROR] %s a style property during rerender (%s) when a conflicting property is set (%s) can lead to styling bugs. To avoid this, don't mix shorthand and non-shorthand properties for the same value; instead, replace the shorthand with separate values. Updating border borderStyle @ http://localhost:3004/bundle.js:40802
[ 1991088ms] [ERROR] %s a style property during rerender (%s) when a conflicting property is set (%s) can lead to styling bugs. To avoid this, don't mix shorthand and non-shorthand properties for the same value; instead, replace the shorthand with separate values. Updating border borderStyle @ http://localhost:3004/bundle.js:40802
[ 1991683ms] [ERROR] %s a style property during rerender (%s) when a conflicting property is set (%s) can lead to styling bugs. To avoid this, don't mix shorthand and non-shorthand properties for the same value; instead, replace the shorthand with separate values. Updating border borderStyle @ http://localhost:3004/bundle.js:40802
[ 1992280ms] [ERROR] %s a style property during rerender (%s) when a conflicting property is set (%s) can lead to styling bugs. To avoid this, don't mix shorthand and non-shorthand properties for the same value; instead, replace the shorthand with separate values. Updating border borderStyle @ http://localhost:3004/bundle.js:40802
[ 2029282ms] [ERROR] %s a style property during rerender (%s) when a conflicting property is set (%s) can lead to styling bugs. To avoid this, don't mix shorthand and non-shorthand properties for the same value; instead, replace the shorthand with separate values. Updating border borderStyle @ http://localhost:3004/bundle.js:40802
[ 2029880ms] [ERROR] %s a style property during rerender (%s) when a conflicting property is set (%s) can lead to styling bugs. To avoid this, don't mix shorthand and non-shorthand properties for the same value; instead, replace the shorthand with separate values. Updating border borderStyle @ http://localhost:3004/bundle.js:40802
[ 2030492ms] [ERROR] %s a style property during rerender (%s) when a conflicting property is set (%s) can lead to styling bugs. To avoid this, don't mix shorthand and non-shorthand properties for the same value; instead, replace the shorthand with separate values. Updating border borderStyle @ http://localhost:3004/bundle.js:40802
[ 2031089ms] [ERROR] %s a style property during rerender (%s) when a conflicting property is set (%s) can lead to styling bugs. To avoid this, don't mix shorthand and non-shorthand properties for the same value; instead, replace the shorthand with separate values. Updating border borderStyle @ http://localhost:3004/bundle.js:40802
[ 2031686ms] [ERROR] %s a style property during rerender (%s) when a conflicting property is set (%s) can lead to styling bugs. To avoid this, don't mix shorthand and non-shorthand properties for the same value; instead, replace the shorthand with separate values. Updating border borderStyle @ http://localhost:3004/bundle.js:40802
[ 2032283ms] [ERROR] %s a style property during rerender (%s) when a conflicting property is set (%s) can lead to styling bugs. To avoid this, don't mix shorthand and non-shorthand properties for the same value; instead, replace the shorthand with separate values. Updating border borderStyle @ http://localhost:3004/bundle.js:40802
[ 2069283ms] [ERROR] %s a style property during rerender (%s) when a conflicting property is set (%s) can lead to styling bugs. To avoid this, don't mix shorthand and non-shorthand properties for the same value; instead, replace the shorthand with separate values. Updating border borderStyle @ http://localhost:3004/bundle.js:40802
[ 2069879ms] [ERROR] %s a style property during rerender (%s) when a conflicting property is set (%s) can lead to styling bugs. To avoid this, don't mix shorthand and non-shorthand properties for the same value; instead, replace the shorthand with separate values. Updating border borderStyle @ http://localhost:3004/bundle.js:40802
[ 2070492ms] [ERROR] %s a style property during rerender (%s) when a conflicting property is set (%s) can lead to styling bugs. To avoid this, don't mix shorthand and non-shorthand properties for the same value; instead, replace the shorthand with separate values. Updating border borderStyle @ http://localhost:3004/bundle.js:40802
[ 2071090ms] [ERROR] %s a style property during rerender (%s) when a conflicting property is set (%s) can lead to styling bugs. To avoid this, don't mix shorthand and non-shorthand properties for the same value; instead, replace the shorthand with separate values. Updating border borderStyle @ http://localhost:3004/bundle.js:40802
[ 2071686ms] [ERROR] %s a style property during rerender (%s) when a conflicting property is set (%s) can lead to styling bugs. To avoid this, don't mix shorthand and non-shorthand properties for the same value; instead, replace the shorthand with separate values. Updating border borderStyle @ http://localhost:3004/bundle.js:40802
[ 2072284ms] [ERROR] %s a style property during rerender (%s) when a conflicting property is set (%s) can lead to styling bugs. To avoid this, don't mix shorthand and non-shorthand properties for the same value; instead, replace the shorthand with separate values. Updating border borderStyle @ http://localhost:3004/bundle.js:40802
[ 2109285ms] [ERROR] %s a style property during rerender (%s) when a conflicting property is set (%s) can lead to styling bugs. To avoid this, don't mix shorthand and non-shorthand properties for the same value; instead, replace the shorthand with separate values. Updating border borderStyle @ http://localhost:3004/bundle.js:40802
[ 2109880ms] [ERROR] %s a style property during rerender (%s) when a conflicting property is set (%s) can lead to styling bugs. To avoid this, don't mix shorthand and non-shorthand properties for the same value; instead, replace the shorthand with separate values. Updating border borderStyle @ http://localhost:3004/bundle.js:40802
[ 2110480ms] [ERROR] %s a style property during rerender (%s) when a conflicting property is set (%s) can lead to styling bugs. To avoid this, don't mix shorthand and non-shorthand properties for the same value; instead, replace the shorthand with separate values. Updating border borderStyle @ http://localhost:3004/bundle.js:40802
[ 2111090ms] [ERROR] %s a style property during rerender (%s) when a conflicting property is set (%s) can lead to styling bugs. To avoid this, don't mix shorthand and non-shorthand properties for the same value; instead, replace the shorthand with separate values. Updating border borderStyle @ http://localhost:3004/bundle.js:40802
[ 2111686ms] [ERROR] %s a style property during rerender (%s) when a conflicting property is set (%s) can lead to styling bugs. To avoid this, don't mix shorthand and non-shorthand properties for the same value; instead, replace the shorthand with separate values. Updating border borderStyle @ http://localhost:3004/bundle.js:40802
[ 2112286ms] [ERROR] %s a style property during rerender (%s) when a conflicting property is set (%s) can lead to styling bugs. To avoid this, don't mix shorthand and non-shorthand properties for the same value; instead, replace the shorthand with separate values. Updating border borderStyle @ http://localhost:3004/bundle.js:40802
[ 2149286ms] [ERROR] %s a style property during rerender (%s) when a conflicting property is set (%s) can lead to styling bugs. To avoid this, don't mix shorthand and non-shorthand properties for the same value; instead, replace the shorthand with separate values. Updating border borderStyle @ http://localhost:3004/bundle.js:40802
[ 2149882ms] [ERROR] %s a style property during rerender (%s) when a conflicting property is set (%s) can lead to styling bugs. To avoid this, don't mix shorthand and non-shorthand properties for the same value; instead, replace the shorthand with separate values. Updating border borderStyle @ http://localhost:3004/bundle.js:40802
[ 2150481ms] [ERROR] %s a style property during rerender (%s) when a conflicting property is set (%s) can lead to styling bugs. To avoid this, don't mix shorthand and non-shorthand properties for the same value; instead, replace the shorthand with separate values. Updating border borderStyle @ http://localhost:3004/bundle.js:40802
[ 2151092ms] [ERROR] %s a style property during rerender (%s) when a conflicting property is set (%s) can lead to styling bugs. To avoid this, don't mix shorthand and non-shorthand properties for the same value; instead, replace the shorthand with separate values. Updating border borderStyle @ http://localhost:3004/bundle.js:40802
[ 2151689ms] [ERROR] %s a style property during rerender (%s) when a conflicting property is set (%s) can lead to styling bugs. To avoid this, don't mix shorthand and non-shorthand properties for the same value; instead, replace the shorthand with separate values. Updating border borderStyle @ http://localhost:3004/bundle.js:40802
[ 2152286ms] [ERROR] %s a style property during rerender (%s) when a conflicting property is set (%s) can lead to styling bugs. To avoid this, don't mix shorthand and non-shorthand properties for the same value; instead, replace the shorthand with separate values. Updating border borderStyle @ http://localhost:3004/bundle.js:40802
[ 2189289ms] [ERROR] %s a style property during rerender (%s) when a conflicting property is set (%s) can lead to styling bugs. To avoid this, don't mix shorthand and non-shorthand properties for the same value; instead, replace the shorthand with separate values. Updating border borderStyle @ http://localhost:3004/bundle.js:40802
[ 2189885ms] [ERROR] %s a style property during rerender (%s) when a conflicting property is set (%s) can lead to styling bugs. To avoid this, don't mix shorthand and non-shorthand properties for the same value; instead, replace the shorthand with separate values. Updating border borderStyle @ http://localhost:3004/bundle.js:40802
[ 2190482ms] [ERROR] %s a style property during rerender (%s) when a conflicting property is set (%s) can lead to styling bugs. To avoid this, don't mix shorthand and non-shorthand properties for the same value; instead, replace the shorthand with separate values. Updating border borderStyle @ http://localhost:3004/bundle.js:40802
[ 2191080ms] [ERROR] %s a style property during rerender (%s) when a conflicting property is set (%s) can lead to styling bugs. To avoid this, don't mix shorthand and non-shorthand properties for the same value; instead, replace the shorthand with separate values. Updating border borderStyle @ http://localhost:3004/bundle.js:40802
[ 2191691ms] [ERROR] %s a style property during rerender (%s) when a conflicting property is set (%s) can lead to styling bugs. To avoid this, don't mix shorthand and non-shorthand properties for the same value; instead, replace the shorthand with separate values. Updating border borderStyle @ http://localhost:3004/bundle.js:40802
[ 2192288ms] [ERROR] %s a style property during rerender (%s) when a conflicting property is set (%s) can lead to styling bugs. To avoid this, don't mix shorthand and non-shorthand properties for the same value; instead, replace the shorthand with separate values. Updating border borderStyle @ http://localhost:3004/bundle.js:40802
[ 2229289ms] [ERROR] %s a style property during rerender (%s) when a conflicting property is set (%s) can lead to styling bugs. To avoid this, don't mix shorthand and non-shorthand properties for the same value; instead, replace the shorthand with separate values. Updating border borderStyle @ http://localhost:3004/bundle.js:40802
[ 2229886ms] [ERROR] %s a style property during rerender (%s) when a conflicting property is set (%s) can lead to styling bugs. To avoid this, don't mix shorthand and non-shorthand properties for the same value; instead, replace the shorthand with separate values. Updating border borderStyle @ http://localhost:3004/bundle.js:40802
[ 2230482ms] [ERROR] %s a style property during rerender (%s) when a conflicting property is set (%s) can lead to styling bugs. To avoid this, don't mix shorthand and non-shorthand properties for the same value; instead, replace the shorthand with separate values. Updating border borderStyle @ http://localhost:3004/bundle.js:40802
[ 2231081ms] [ERROR] %s a style property during rerender (%s) when a conflicting property is set (%s) can lead to styling bugs. To avoid this, don't mix shorthand and non-shorthand properties for the same value; instead, replace the shorthand with separate values. Updating border borderStyle @ http://localhost:3004/bundle.js:40802
[ 2231691ms] [ERROR] %s a style property during rerender (%s) when a conflicting property is set (%s) can lead to styling bugs. To avoid this, don't mix shorthand and non-shorthand properties for the same value; instead, replace the shorthand with separate values. Updating border borderStyle @ http://localhost:3004/bundle.js:40802
[ 2232290ms] [ERROR] %s a style property during rerender (%s) when a conflicting property is set (%s) can lead to styling bugs. To avoid this, don't mix shorthand and non-shorthand properties for the same value; instead, replace the shorthand with separate values. Updating border borderStyle @ http://localhost:3004/bundle.js:40802
[ 2257311ms] [ERROR] %o

%s

%s
 Error: The "durationInFrames" prop of a <Series.Sequence /> component is missing.
    at validateDurationInFrames (http://localhost:3004/bundle.js:193684:11)
    at http://localhost:3004/bundle.js:201890:9
    at http://localhost:3004/bundle.js:79339:21
    at mapIntoArray (http://localhost:3004/bundle.js:79240:20)
    at mapIntoArray (http://localhost:3004/bundle.js:79285:32)
    at Object.mapChildren [as map] (http://localhost:3004/bundle.js:79338:7)
    at http://localhost:3004/bundle.js:201866:56
    at updateMemo (http://localhost:3004/bundle.js:57954:19)
    at Object.useMemo (http://localhost:3004/bundle.js:75643:18)
    at exports.useMemo (http://localhost:3004/bundle.js:80134:34)
    at Series (http://localhost:3004/bundle.js:201863:71)
    at Object.react_stack_bottom_frame (http://localhost:3004/bundle.js:75063:20)
    at renderWithHooks (http://localhost:3004/bundle.js:56821:22)
    at updateFunctionComponent (http://localhost:3004/bundle.js:59325:19)
    at beginWork (http://localhost:3004/bundle.js:60937:18)
    at runWithFiberInDEV (http://localhost:3004/bundle.js:50031:30)
    at performUnitOfWork (http://localhost:3004/bundle.js:66800:22)
    at workLoopSync (http://localhost:3004/bundle.js:66628:41)
    at renderRootSync (http://localhost:3004/bundle.js:66609:11)
    at performWorkOnRoot (http://localhost:3004/bundle.js:65742:35)
    at performSyncWorkOnRoot (http://localhost:3004/bundle.js:68131:7)
    at flushSyncWorkAcrossRoots_impl (http://localhost:3004/bundle.js:67973:21)
    at flushSyncWork$1 (http://localhost:3004/bundle.js:66057:12)
    at Object.scheduleRefresh (http://localhost:3004/bundle.js:49273:9)
    at http://localhost:3004/bundle.js:78129:21
    at Set.forEach (<anonymous>)
    at exports.performReactRefresh (http://localhost:3004/bundle.js:78121:30)
    at execute (http://localhost:3004/bundle.js:5237:28)
    at http://localhost:3004/bundle.js:5251:13
    at setStatus (http://localhost:3004/bundle.js:220138:55)
    at http://localhost:3004/bundle.js:220299:22 The above error occurred in the <Series> component. React will try to recreate this component tree from scratch using the error boundary you provided, CompositionErrorBoundary. @ http://localhost:3004/bundle.js:40802
[ 2257353ms] [LOG] [Fast refresh] ./src/promo/layout.ts fast refreshed. @ http://localhost:3004/bundle.js:47390
[ 2257353ms] [LOG] [Fast refresh] ./src/promo/scenes/HookScene.tsx fast refreshed. @ http://localhost:3004/bundle.js:47390
[ 2257353ms] [LOG] [Fast refresh] ./src/promo/scenes/OutroScene.tsx fast refreshed. @ http://localhost:3004/bundle.js:47390
[ 2257353ms] [LOG] [Fast refresh] ./src/promo/SceneShell.tsx fast refreshed. @ http://localhost:3004/bundle.js:47390
[ 2257353ms] [LOG] [Fast refresh] ./src/Root.tsx fast refreshed. @ http://localhost:3004/bundle.js:47390
[ 2257353ms] [LOG] [Fast refresh] ./src/promo/Promo.tsx fast refreshed. @ http://localhost:3004/bundle.js:47390
[ 2259097ms] [ERROR] %o

%s

%s
 ReferenceError: HookScene is not defined
    at Promo (http://localhost:3004/main.e006dcce2424daba.hot-update.js:36:289)
    at Object.react_stack_bottom_frame (http://localhost:3004/bundle.js:75063:20)
    at renderWithHooks (http://localhost:3004/bundle.js:56821:22)
    at updateFunctionComponent (http://localhost:3004/bundle.js:59325:19)
    at beginWork (http://localhost:3004/bundle.js:60937:18)
    at runWithFiberInDEV (http://localhost:3004/bundle.js:50031:30)
    at performUnitOfWork (http://localhost:3004/bundle.js:66800:22)
    at workLoopSync (http://localhost:3004/bundle.js:66628:41)
    at renderRootSync (http://localhost:3004/bundle.js:66609:11)
    at performWorkOnRoot (http://localhost:3004/bundle.js:65742:35)
    at performSyncWorkOnRoot (http://localhost:3004/bundle.js:68131:7)
    at flushSyncWorkAcrossRoots_impl (http://localhost:3004/bundle.js:67973:21)
    at flushSyncWork$1 (http://localhost:3004/bundle.js:66057:12)
    at Object.scheduleRefresh (http://localhost:3004/bundle.js:49273:9)
    at http://localhost:3004/bundle.js:78129:21
    at Set.forEach (<anonymous>)
    at exports.performReactRefresh (http://localhost:3004/bundle.js:78121:30)
    at execute (http://localhost:3004/bundle.js:5237:28)
    at http://localhost:3004/bundle.js:5251:13
    at setStatus (http://localhost:3004/bundle.js:220138:55)
    at http://localhost:3004/bundle.js:220299:22 The above error occurred in the <Promo> component. React will try to recreate this component tree from scratch using the error boundary you provided, CompositionErrorBoundary. @ http://localhost:3004/bundle.js:40802
[ 2259101ms] [LOG] [Fast refresh] ./src/promo/scenes/HookScene.tsx fast refreshed. @ http://localhost:3004/bundle.js:47390
[ 2259101ms] [LOG] [Fast refresh] ./src/promo/Promo.tsx fast refreshed. @ http://localhost:3004/bundle.js:47390
[ 2260944ms] [LOG] [Fast refresh] ./src/promo/Promo.tsx fast refreshed. @ http://localhost:3004/bundle.js:47390
[ 2260944ms] [LOG] [Fast refresh] ./src/promo/scenes/ConsolidationScene.tsx fast refreshed. @ http://localhost:3004/bundle.js:47390
[ 2270403ms] [ERROR] %s a style property during rerender (%s) when a conflicting property is set (%s) can lead to styling bugs. To avoid this, don't mix shorthand and non-shorthand properties for the same value; instead, replace the shorthand with separate values. Updating border borderStyle @ http://localhost:3004/bundle.js:40802
[ 2270999ms] [ERROR] %s a style property during rerender (%s) when a conflicting property is set (%s) can lead to styling bugs. To avoid this, don't mix shorthand and non-shorthand properties for the same value; instead, replace the shorthand with separate values. Updating border borderStyle @ http://localhost:3004/bundle.js:40802
[ 2271596ms] [ERROR] %s a style property during rerender (%s) when a conflicting property is set (%s) can lead to styling bugs. To avoid this, don't mix shorthand and non-shorthand properties for the same value; instead, replace the shorthand with separate values. Updating border borderStyle @ http://localhost:3004/bundle.js:40802
[ 2272194ms] [ERROR] %s a style property during rerender (%s) when a conflicting property is set (%s) can lead to styling bugs. To avoid this, don't mix shorthand and non-shorthand properties for the same value; instead, replace the shorthand with separate values. Updating border borderStyle @ http://localhost:3004/bundle.js:40802
[ 2272789ms] [ERROR] %s a style property during rerender (%s) when a conflicting property is set (%s) can lead to styling bugs. To avoid this, don't mix shorthand and non-shorthand properties for the same value; instead, replace the shorthand with separate values. Updating border borderStyle @ http://localhost:3004/bundle.js:40802
[ 2273400ms] [ERROR] %s a style property during rerender (%s) when a conflicting property is set (%s) can lead to styling bugs. To avoid this, don't mix shorthand and non-shorthand properties for the same value; instead, replace the shorthand with separate values. Updating border borderStyle @ http://localhost:3004/bundle.js:40802
[ 2311390ms] [ERROR] %s a style property during rerender (%s) when a conflicting property is set (%s) can lead to styling bugs. To avoid this, don't mix shorthand and non-shorthand properties for the same value; instead, replace the shorthand with separate values. Updating border borderStyle @ http://localhost:3004/bundle.js:40802
[ 2311998ms] [ERROR] %s a style property during rerender (%s) when a conflicting property is set (%s) can lead to styling bugs. To avoid this, don't mix shorthand and non-shorthand properties for the same value; instead, replace the shorthand with separate values. Updating border borderStyle @ http://localhost:3004/bundle.js:40802
[ 2312598ms] [ERROR] %s a style property during rerender (%s) when a conflicting property is set (%s) can lead to styling bugs. To avoid this, don't mix shorthand and non-shorthand properties for the same value; instead, replace the shorthand with separate values. Updating border borderStyle @ http://localhost:3004/bundle.js:40802
[ 2313195ms] [ERROR] %s a style property during rerender (%s) when a conflicting property is set (%s) can lead to styling bugs. To avoid this, don't mix shorthand and non-shorthand properties for the same value; instead, replace the shorthand with separate values. Updating border borderStyle @ http://localhost:3004/bundle.js:40802
[ 2313792ms] [ERROR] %s a style property during rerender (%s) when a conflicting property is set (%s) can lead to styling bugs. To avoid this, don't mix shorthand and non-shorthand properties for the same value; instead, replace the shorthand with separate values. Updating border borderStyle @ http://localhost:3004/bundle.js:40802
[ 2314388ms] [ERROR] %s a style property during rerender (%s) when a conflicting property is set (%s) can lead to styling bugs. To avoid this, don't mix shorthand and non-shorthand properties for the same value; instead, replace the shorthand with separate values. Updating border borderStyle @ http://localhost:3004/bundle.js:40802
[ 2352391ms] [ERROR] %s a style property during rerender (%s) when a conflicting property is set (%s) can lead to styling bugs. To avoid this, don't mix shorthand and non-shorthand properties for the same value; instead, replace the shorthand with separate values. Updating border borderStyle @ http://localhost:3004/bundle.js:40802
[ 2352988ms] [ERROR] %s a style property during rerender (%s) when a conflicting property is set (%s) can lead to styling bugs. To avoid this, don't mix shorthand and non-shorthand properties for the same value; instead, replace the shorthand with separate values. Updating border borderStyle @ http://localhost:3004/bundle.js:40802
[ 2353599ms] [ERROR] %s a style property during rerender (%s) when a conflicting property is set (%s) can lead to styling bugs. To avoid this, don't mix shorthand and non-shorthand properties for the same value; instead, replace the shorthand with separate values. Updating border borderStyle @ http://localhost:3004/bundle.js:40802
[ 2354199ms] [ERROR] %s a style property during rerender (%s) when a conflicting property is set (%s) can lead to styling bugs. To avoid this, don't mix shorthand and non-shorthand properties for the same value; instead, replace the shorthand with separate values. Updating border borderStyle @ http://localhost:3004/bundle.js:40802
[ 2354792ms] [ERROR] %s a style property during rerender (%s) when a conflicting property is set (%s) can lead to styling bugs. To avoid this, don't mix shorthand and non-shorthand properties for the same value; instead, replace the shorthand with separate values. Updating border borderStyle @ http://localhost:3004/bundle.js:40802
[ 2355392ms] [ERROR] %s a style property during rerender (%s) when a conflicting property is set (%s) can lead to styling bugs. To avoid this, don't mix shorthand and non-shorthand properties for the same value; instead, replace the shorthand with separate values. Updating border borderStyle @ http://localhost:3004/bundle.js:40802
[ 2393394ms] [ERROR] %s a style property during rerender (%s) when a conflicting property is set (%s) can lead to styling bugs. To avoid this, don't mix shorthand and non-shorthand properties for the same value; instead, replace the shorthand with separate values. Updating border borderStyle @ http://localhost:3004/bundle.js:40802
[ 2393991ms] [ERROR] %s a style property during rerender (%s) when a conflicting property is set (%s) can lead to styling bugs. To avoid this, don't mix shorthand and non-shorthand properties for the same value; instead, replace the shorthand with separate values. Updating border borderStyle @ http://localhost:3004/bundle.js:40802
[ 2394602ms] [ERROR] %s a style property during rerender (%s) when a conflicting property is set (%s) can lead to styling bugs. To avoid this, don't mix shorthand and non-shorthand properties for the same value; instead, replace the shorthand with separate values. Updating border borderStyle @ http://localhost:3004/bundle.js:40802
[ 2395199ms] [ERROR] %s a style property during rerender (%s) when a conflicting property is set (%s) can lead to styling bugs. To avoid this, don't mix shorthand and non-shorthand properties for the same value; instead, replace the shorthand with separate values. Updating border borderStyle @ http://localhost:3004/bundle.js:40802
[ 2395797ms] [ERROR] %s a style property during rerender (%s) when a conflicting property is set (%s) can lead to styling bugs. To avoid this, don't mix shorthand and non-shorthand properties for the same value; instead, replace the shorthand with separate values. Updating border borderStyle @ http://localhost:3004/bundle.js:40802
[ 2396392ms] [ERROR] %s a style property during rerender (%s) when a conflicting property is set (%s) can lead to styling bugs. To avoid this, don't mix shorthand and non-shorthand properties for the same value; instead, replace the shorthand with separate values. Updating border borderStyle @ http://localhost:3004/bundle.js:40802
[25215914ms] [ERROR] Failed to load resource: net::ERR_NETWORK_IO_SUSPENDED @ http://localhost:3004/events:0
[25215953ms] [ERROR] Failed to load resource: net::ERR_NETWORK_IO_SUSPENDED @ http://localhost:3004/events:0
[28592563ms] [ERROR] Failed to load resource: net::ERR_NETWORK_IO_SUSPENDED @ http://localhost:3004/events:0
[28592631ms] [ERROR] Failed to load resource: net::ERR_NETWORK_IO_SUSPENDED @ http://localhost:3004/events:0
[76762859ms] [ERROR] Failed to load resource: net::ERR_CONNECTION_REFUSED @ http://localhost:3004/api/unsubscribe-from-default-props:0
[76763321ms] [ERROR] Failed to load resource: net::ERR_CONNECTION_REFUSED @ http://localhost:3004/events:0
[76766326ms] [ERROR] Failed to load resource: net::ERR_CONNECTION_REFUSED @ http://localhost:3004/events:0
[76769330ms] [ERROR] Failed to load resource: net::ERR_CONNECTION_REFUSED @ http://localhost:3004/events:0
[76772333ms] [ERROR] Failed to load resource: net::ERR_CONNECTION_REFUSED @ http://localhost:3004/events:0
[76775338ms] [ERROR] Failed to load resource: net::ERR_CONNECTION_REFUSED @ http://localhost:3004/events:0
[76778341ms] [ERROR] Failed to load resource: net::ERR_CONNECTION_REFUSED @ http://localhost:3004/events:0
[76781344ms] [ERROR] Failed to load resource: net::ERR_CONNECTION_REFUSED @ http://localhost:3004/events:0
[76784348ms] [ERROR] Failed to load resource: net::ERR_CONNECTION_REFUSED @ http://localhost:3004/events:0
[76787353ms] [ERROR] Failed to load resource: net::ERR_CONNECTION_REFUSED @ http://localhost:3004/events:0
[76790358ms] [ERROR] Failed to load resource: net::ERR_CONNECTION_REFUSED @ http://localhost:3004/events:0
[76793362ms] [ERROR] Failed to load resource: net::ERR_CONNECTION_REFUSED @ http://localhost:3004/events:0
[76796367ms] [ERROR] Failed to load resource: net::ERR_CONNECTION_REFUSED @ http://localhost:3004/events:0
[76799372ms] [ERROR] Failed to load resource: net::ERR_CONNECTION_REFUSED @ http://localhost:3004/events:0
[76802375ms] [ERROR] Failed to load resource: net::ERR_CONNECTION_REFUSED @ http://localhost:3004/events:0
[76805378ms] [ERROR] Failed to load resource: net::ERR_CONNECTION_REFUSED @ http://localhost:3004/events:0
[76808383ms] [ERROR] Failed to load resource: net::ERR_CONNECTION_REFUSED @ http://localhost:3004/events:0
[76811388ms] [ERROR] Failed to load resource: net::ERR_CONNECTION_REFUSED @ http://localhost:3004/events:0
[76814392ms] [ERROR] Failed to load resource: net::ERR_CONNECTION_REFUSED @ http://localhost:3004/events:0
[76817403ms] [ERROR] Failed to load resource: net::ERR_CONNECTION_REFUSED @ http://localhost:3004/events:0
[76820408ms] [ERROR] Failed to load resource: net::ERR_CONNECTION_REFUSED @ http://localhost:3004/events:0
[76823411ms] [ERROR] Failed to load resource: net::ERR_CONNECTION_REFUSED @ http://localhost:3004/events:0
[76826421ms] [ERROR] Failed to load resource: net::ERR_CONNECTION_REFUSED @ http://localhost:3004/events:0
[76829424ms] [ERROR] Failed to load resource: net::ERR_CONNECTION_REFUSED @ http://localhost:3004/events:0
[76832445ms] [ERROR] Failed to load resource: net::ERR_CONNECTION_REFUSED @ http://localhost:3004/events:0
[76835450ms] [ERROR] Failed to load resource: net::ERR_CONNECTION_REFUSED @ http://localhost:3004/events:0
[76838476ms] [ERROR] Failed to load resource: net::ERR_CONNECTION_REFUSED @ http://localhost:3004/events:0
[76841479ms] [ERROR] Failed to load resource: net::ERR_CONNECTION_REFUSED @ http://localhost:3004/events:0
[76844489ms] [ERROR] Failed to load resource: net::ERR_CONNECTION_REFUSED @ http://localhost:3004/events:0
[76847494ms] [ERROR] Failed to load resource: net::ERR_CONNECTION_REFUSED @ http://localhost:3004/events:0
[76850497ms] [ERROR] Failed to load resource: net::ERR_CONNECTION_REFUSED @ http://localhost:3004/events:0
[76853502ms] [ERROR] Failed to load resource: net::ERR_CONNECTION_REFUSED @ http://localhost:3004/events:0
[76856505ms] [ERROR] Failed to load resource: net::ERR_CONNECTION_REFUSED @ http://localhost:3004/events:0
[76859511ms] [ERROR] Failed to load resource: net::ERR_CONNECTION_REFUSED @ http://localhost:3004/events:0
[76862516ms] [ERROR] Failed to load resource: net::ERR_CONNECTION_REFUSED @ http://localhost:3004/events:0
[76865522ms] [ERROR] Failed to load resource: net::ERR_CONNECTION_REFUSED @ http://localhost:3004/events:0
[76868535ms] [ERROR] Failed to load resource: net::ERR_CONNECTION_REFUSED @ http://localhost:3004/events:0
[76871540ms] [ERROR] Failed to load resource: net::ERR_CONNECTION_REFUSED @ http://localhost:3004/events:0
[76874542ms] [ERROR] Failed to load resource: net::ERR_CONNECTION_REFUSED @ http://localhost:3004/events:0
[76877547ms] [ERROR] Failed to load resource: net::ERR_CONNECTION_REFUSED @ http://localhost:3004/events:0
[76880552ms] [ERROR] Failed to load resource: net::ERR_CONNECTION_REFUSED @ http://localhost:3004/events:0
[76883556ms] [ERROR] Failed to load resource: net::ERR_CONNECTION_REFUSED @ http://localhost:3004/events:0
[76886560ms] [ERROR] Failed to load resource: net::ERR_CONNECTION_REFUSED @ http://localhost:3004/events:0
[76889565ms] [ERROR] Failed to load resource: net::ERR_CONNECTION_REFUSED @ http://localhost:3004/events:0
[76892570ms] [ERROR] Failed to load resource: net::ERR_CONNECTION_REFUSED @ http://localhost:3004/events:0
[76895572ms] [ERROR] Failed to load resource: net::ERR_CONNECTION_REFUSED @ http://localhost:3004/events:0
[76898578ms] [ERROR] Failed to load resource: net::ERR_CONNECTION_REFUSED @ http://localhost:3004/events:0
[76901587ms] [ERROR] Failed to load resource: net::ERR_CONNECTION_REFUSED @ http://localhost:3004/events:0
[76904592ms] [ERROR] Failed to load resource: net::ERR_CONNECTION_REFUSED @ http://localhost:3004/events:0
[76907597ms] [ERROR] Failed to load resource: net::ERR_CONNECTION_REFUSED @ http://localhost:3004/events:0
[76910602ms] [ERROR] Failed to load resource: net::ERR_CONNECTION_REFUSED @ http://localhost:3004/events:0
[76913607ms] [ERROR] Failed to load resource: net::ERR_CONNECTION_REFUSED @ http://localhost:3004/events:0
[76916609ms] [ERROR] Failed to load resource: net::ERR_CONNECTION_REFUSED @ http://localhost:3004/events:0
[76919615ms] [ERROR] Failed to load resource: net::ERR_CONNECTION_REFUSED @ http://localhost:3004/events:0
[76922618ms] [ERROR] Failed to load resource: net::ERR_CONNECTION_REFUSED @ http://localhost:3004/events:0
[76925623ms] [ERROR] Failed to load resource: net::ERR_CONNECTION_REFUSED @ http://localhost:3004/events:0
[76928628ms] [ERROR] Failed to load resource: net::ERR_CONNECTION_REFUSED @ http://localhost:3004/events:0
[76931633ms] [ERROR] Failed to load resource: net::ERR_CONNECTION_REFUSED @ http://localhost:3004/events:0
[76934637ms] [ERROR] Failed to load resource: net::ERR_CONNECTION_REFUSED @ http://localhost:3004/events:0
[76937643ms] [ERROR] Failed to load resource: net::ERR_CONNECTION_REFUSED @ http://localhost:3004/events:0
[76940645ms] [ERROR] Failed to load resource: net::ERR_CONNECTION_REFUSED @ http://localhost:3004/events:0
[76943648ms] [ERROR] Failed to load resource: net::ERR_CONNECTION_REFUSED @ http://localhost:3004/events:0
[76946654ms] [ERROR] Failed to load resource: net::ERR_CONNECTION_REFUSED @ http://localhost:3004/events:0
[76949658ms] [ERROR] Failed to load resource: net::ERR_CONNECTION_REFUSED @ http://localhost:3004/events:0
[76952663ms] [ERROR] Failed to load resource: net::ERR_CONNECTION_REFUSED @ http://localhost:3004/events:0
[76955666ms] [ERROR] Failed to load resource: net::ERR_CONNECTION_REFUSED @ http://localhost:3004/events:0
[76958680ms] [ERROR] Failed to load resource: net::ERR_CONNECTION_REFUSED @ http://localhost:3004/events:0
[76961684ms] [ERROR] Failed to load resource: net::ERR_CONNECTION_REFUSED @ http://localhost:3004/events:0
[76964688ms] [ERROR] Failed to load resource: net::ERR_CONNECTION_REFUSED @ http://localhost:3004/events:0
[76967693ms] [ERROR] Failed to load resource: net::ERR_CONNECTION_REFUSED @ http://localhost:3004/events:0
[76970698ms] [ERROR] Failed to load resource: net::ERR_CONNECTION_REFUSED @ http://localhost:3004/events:0
[76973705ms] [ERROR] Failed to load resource: net::ERR_CONNECTION_REFUSED @ http://localhost:3004/events:0
[76976710ms] [ERROR] Failed to load resource: net::ERR_CONNECTION_REFUSED @ http://localhost:3004/events:0
[76979715ms] [ERROR] Failed to load resource: net::ERR_CONNECTION_REFUSED @ http://localhost:3004/events:0
[76982720ms] [ERROR] Failed to load resource: net::ERR_CONNECTION_REFUSED @ http://localhost:3004/events:0
[76985725ms] [ERROR] Failed to load resource: net::ERR_CONNECTION_REFUSED @ http://localhost:3004/events:0
[76988730ms] [ERROR] Failed to load resource: net::ERR_CONNECTION_REFUSED @ http://localhost:3004/events:0
[76991733ms] [ERROR] Failed to load resource: net::ERR_CONNECTION_REFUSED @ http://localhost:3004/events:0
[76994737ms] [ERROR] Failed to load resource: net::ERR_CONNECTION_REFUSED @ http://localhost:3004/events:0
[76997765ms] [ERROR] Failed to load resource: net::ERR_CONNECTION_REFUSED @ http://localhost:3004/events:0
[77000770ms] [ERROR] Failed to load resource: net::ERR_CONNECTION_REFUSED @ http://localhost:3004/events:0
[77003775ms] [ERROR] Failed to load resource: net::ERR_CONNECTION_REFUSED @ http://localhost:3004/events:0
[77006781ms] [ERROR] Failed to load resource: net::ERR_CONNECTION_REFUSED @ http://localhost:3004/events:0
[77009784ms] [ERROR] Failed to load resource: net::ERR_CONNECTION_REFUSED @ http://localhost:3004/events:0
[77012788ms] [ERROR] Failed to load resource: net::ERR_CONNECTION_REFUSED @ http://localhost:3004/events:0
[77015792ms] [ERROR] Failed to load resource: net::ERR_CONNECTION_REFUSED @ http://localhost:3004/events:0
[77018801ms] [ERROR] Failed to load resource: net::ERR_CONNECTION_REFUSED @ http://localhost:3004/events:0
[77021806ms] [ERROR] Failed to load resource: net::ERR_CONNECTION_REFUSED @ http://localhost:3004/events:0
[77024812ms] [ERROR] Failed to load resource: net::ERR_CONNECTION_REFUSED @ http://localhost:3004/events:0
[77027815ms] [ERROR] Failed to load resource: net::ERR_CONNECTION_REFUSED @ http://localhost:3004/events:0
[77030820ms] [ERROR] Failed to load resource: net::ERR_CONNECTION_REFUSED @ http://localhost:3004/events:0
[77033828ms] [ERROR] Failed to load resource: net::ERR_CONNECTION_REFUSED @ http://localhost:3004/events:0
[77036832ms] [ERROR] Failed to load resource: net::ERR_CONNECTION_REFUSED @ http://localhost:3004/events:0
[77039835ms] [ERROR] Failed to load resource: net::ERR_CONNECTION_REFUSED @ http://localhost:3004/events:0
[77042840ms] [ERROR] Failed to load resource: net::ERR_CONNECTION_REFUSED @ http://localhost:3004/events:0
[77045844ms] [ERROR] Failed to load resource: net::ERR_CONNECTION_REFUSED @ http://localhost:3004/events:0
[77048849ms] [ERROR] Failed to load resource: net::ERR_CONNECTION_REFUSED @ http://localhost:3004/events:0
[77051853ms] [ERROR] Failed to load resource: net::ERR_CONNECTION_REFUSED @ http://localhost:3004/events:0
[77054857ms] [ERROR] Failed to load resource: net::ERR_CONNECTION_REFUSED @ http://localhost:3004/events:0
[77057862ms] [ERROR] Failed to load resource: net::ERR_CONNECTION_REFUSED @ http://localhost:3004/events:0
[77060865ms] [ERROR] Failed to load resource: net::ERR_CONNECTION_REFUSED @ http://localhost:3004/events:0
[77063871ms] [ERROR] Failed to load resource: net::ERR_CONNECTION_REFUSED @ http://localhost:3004/events:0
[77066872ms] [ERROR] Failed to load resource: net::ERR_CONNECTION_REFUSED @ http://localhost:3004/events:0
[77069875ms] [ERROR] Failed to load resource: net::ERR_CONNECTION_REFUSED @ http://localhost:3004/events:0
[77072881ms] [ERROR] Failed to load resource: net::ERR_CONNECTION_REFUSED @ http://localhost:3004/events:0
[77075885ms] [ERROR] Failed to load resource: net::ERR_CONNECTION_REFUSED @ http://localhost:3004/events:0
[77078889ms] [ERROR] Failed to load resource: net::ERR_CONNECTION_REFUSED @ http://localhost:3004/events:0
[77081894ms] [ERROR] Failed to load resource: net::ERR_CONNECTION_REFUSED @ http://localhost:3004/events:0
[77084897ms] [ERROR] Failed to load resource: net::ERR_CONNECTION_REFUSED @ http://localhost:3004/events:0
[77087902ms] [ERROR] Failed to load resource: net::ERR_CONNECTION_REFUSED @ http://localhost:3004/events:0
[77090906ms] [ERROR] Failed to load resource: net::ERR_CONNECTION_REFUSED @ http://localhost:3004/events:0
[77093911ms] [ERROR] Failed to load resource: net::ERR_CONNECTION_REFUSED @ http://localhost:3004/events:0
[77096917ms] [ERROR] Failed to load resource: net::ERR_CONNECTION_REFUSED @ http://localhost:3004/events:0
[77099922ms] [ERROR] Failed to load resource: net::ERR_CONNECTION_REFUSED @ http://localhost:3004/events:0
[77102925ms] [ERROR] Failed to load resource: net::ERR_CONNECTION_REFUSED @ http://localhost:3004/events:0
[77105929ms] [ERROR] Failed to load resource: net::ERR_CONNECTION_REFUSED @ http://localhost:3004/events:0
[77108938ms] [ERROR] Failed to load resource: net::ERR_CONNECTION_REFUSED @ http://localhost:3004/events:0
[77111942ms] [ERROR] Failed to load resource: net::ERR_CONNECTION_REFUSED @ http://localhost:3004/events:0
[77114945ms] [ERROR] Failed to load resource: net::ERR_CONNECTION_REFUSED @ http://localhost:3004/events:0
[77117952ms] [ERROR] Failed to load resource: net::ERR_CONNECTION_REFUSED @ http://localhost:3004/events:0
[77120958ms] [ERROR] Failed to load resource: net::ERR_CONNECTION_REFUSED @ http://localhost:3004/events:0
[77123962ms] [ERROR] Failed to load resource: net::ERR_CONNECTION_REFUSED @ http://localhost:3004/events:0
[77126968ms] [ERROR] Failed to load resource: net::ERR_CONNECTION_REFUSED @ http://localhost:3004/events:0
[77129973ms] [ERROR] Failed to load resource: net::ERR_CONNECTION_REFUSED @ http://localhost:3004/events:0
[77132977ms] [ERROR] Failed to load resource: net::ERR_CONNECTION_REFUSED @ http://localhost:3004/events:0
[77135985ms] [ERROR] Failed to load resource: net::ERR_CONNECTION_REFUSED @ http://localhost:3004/events:0
[77138989ms] [ERROR] Failed to load resource: net::ERR_CONNECTION_REFUSED @ http://localhost:3004/events:0
[77141997ms] [ERROR] Failed to load resource: net::ERR_CONNECTION_REFUSED @ http://localhost:3004/events:0
[77145001ms] [ERROR] Failed to load resource: net::ERR_CONNECTION_REFUSED @ http://localhost:3004/events:0
[77148006ms] [ERROR] Failed to load resource: net::ERR_CONNECTION_REFUSED @ http://localhost:3004/events:0
[77151012ms] [ERROR] Failed to load resource: net::ERR_CONNECTION_REFUSED @ http://localhost:3004/events:0
[77154017ms] [ERROR] Failed to load resource: net::ERR_CONNECTION_REFUSED @ http://localhost:3004/events:0
[77157021ms] [ERROR] Failed to load resource: net::ERR_CONNECTION_REFUSED @ http://localhost:3004/events:0
[77160025ms] [ERROR] Failed to load resource: net::ERR_CONNECTION_REFUSED @ http://localhost:3004/events:0
[77163030ms] [ERROR] Failed to load resource: net::ERR_CONNECTION_REFUSED @ http://localhost:3004/events:0
[77166035ms] [ERROR] Failed to load resource: net::ERR_CONNECTION_REFUSED @ http://localhost:3004/events:0
[77169043ms] [ERROR] Failed to load resource: net::ERR_CONNECTION_REFUSED @ http://localhost:3004/events:0
[77172048ms] [ERROR] Failed to load resource: net::ERR_CONNECTION_REFUSED @ http://localhost:3004/events:0
[77175053ms] [ERROR] Failed to load resource: net::ERR_CONNECTION_REFUSED @ http://localhost:3004/events:0
[77178058ms] [ERROR] Failed to load resource: net::ERR_CONNECTION_REFUSED @ http://localhost:3004/events:0
[77181063ms] [ERROR] Failed to load resource: net::ERR_CONNECTION_REFUSED @ http://localhost:3004/events:0
[77184070ms] [ERROR] Failed to load resource: net::ERR_CONNECTION_REFUSED @ http://localhost:3004/events:0
[77187075ms] [ERROR] Failed to load resource: net::ERR_CONNECTION_REFUSED @ http://localhost:3004/events:0
[77190079ms] [ERROR] Failed to load resource: net::ERR_CONNECTION_REFUSED @ http://localhost:3004/events:0
[77193083ms] [ERROR] Failed to load resource: net::ERR_CONNECTION_REFUSED @ http://localhost:3004/events:0
[77196087ms] [ERROR] Failed to load resource: net::ERR_CONNECTION_REFUSED @ http://localhost:3004/events:0
[77199091ms] [ERROR] Failed to load resource: net::ERR_CONNECTION_REFUSED @ http://localhost:3004/events:0
[77202095ms] [ERROR] Failed to load resource: net::ERR_CONNECTION_REFUSED @ http://localhost:3004/events:0
[77205100ms] [ERROR] Failed to load resource: net::ERR_CONNECTION_REFUSED @ http://localhost:3004/events:0
[77208104ms] [ERROR] Failed to load resource: net::ERR_CONNECTION_REFUSED @ http://localhost:3004/events:0
[77211109ms] [ERROR] Failed to load resource: net::ERR_CONNECTION_REFUSED @ http://localhost:3004/events:0
[77214114ms] [ERROR] Failed to load resource: net::ERR_CONNECTION_REFUSED @ http://localhost:3004/events:0
[77217117ms] [ERROR] Failed to load resource: net::ERR_CONNECTION_REFUSED @ http://localhost:3004/events:0
[77220121ms] [ERROR] Failed to load resource: net::ERR_CONNECTION_REFUSED @ http://localhost:3004/events:0
[77223126ms] [ERROR] Failed to load resource: net::ERR_CONNECTION_REFUSED @ http://localhost:3004/events:0
[77226132ms] [ERROR] Failed to load resource: net::ERR_CONNECTION_REFUSED @ http://localhost:3004/events:0
[77229139ms] [ERROR] Failed to load resource: net::ERR_CONNECTION_REFUSED @ http://localhost:3004/events:0
[77232147ms] [ERROR] Failed to load resource: net::ERR_CONNECTION_REFUSED @ http://localhost:3004/events:0
[77235153ms] [ERROR] Failed to load resource: net::ERR_CONNECTION_REFUSED @ http://localhost:3004/events:0
[77238157ms] [ERROR] Failed to load resource: net::ERR_CONNECTION_REFUSED @ http://localhost:3004/events:0
[77241164ms] [ERROR] Failed to load resource: net::ERR_CONNECTION_REFUSED @ http://localhost:3004/events:0
[77244170ms] [ERROR] Failed to load resource: net::ERR_CONNECTION_REFUSED @ http://localhost:3004/events:0
[77247176ms] [ERROR] Failed to load resource: net::ERR_CONNECTION_REFUSED @ http://localhost:3004/events:0
[77250179ms] [ERROR] Failed to load resource: net::ERR_CONNECTION_REFUSED @ http://localhost:3004/events:0
[77253182ms] [ERROR] Failed to load resource: net::ERR_CONNECTION_REFUSED @ http://localhost:3004/events:0
[77256186ms] [ERROR] Failed to load resource: net::ERR_CONNECTION_REFUSED @ http://localhost:3004/events:0
[77259190ms] [ERROR] Failed to load resource: net::ERR_CONNECTION_REFUSED @ http://localhost:3004/events:0
[77262196ms] [ERROR] Failed to load resource: net::ERR_CONNECTION_REFUSED @ http://localhost:3004/events:0
[77265202ms] [ERROR] Failed to load resource: net::ERR_CONNECTION_REFUSED @ http://localhost:3004/events:0
[77268206ms] [ERROR] Failed to load resource: net::ERR_CONNECTION_REFUSED @ http://localhost:3004/events:0
[77271212ms] [ERROR] Failed to load resource: net::ERR_CONNECTION_REFUSED @ http://localhost:3004/events:0
[77274218ms] [ERROR] Failed to load resource: net::ERR_CONNECTION_REFUSED @ http://localhost:3004/events:0
[77277225ms] [ERROR] Failed to load resource: net::ERR_CONNECTION_REFUSED @ http://localhost:3004/events:0
[77280231ms] [ERROR] Failed to load resource: net::ERR_CONNECTION_REFUSED @ http://localhost:3004/events:0
[77283234ms] [ERROR] Failed to load resource: net::ERR_CONNECTION_REFUSED @ http://localhost:3004/events:0
[77286240ms] [ERROR] Failed to load resource: net::ERR_CONNECTION_REFUSED @ http://localhost:3004/events:0
[77289248ms] [ERROR] Failed to load resource: net::ERR_CONNECTION_REFUSED @ http://localhost:3004/events:0
[77292254ms] [ERROR] Failed to load resource: net::ERR_CONNECTION_REFUSED @ http://localhost:3004/events:0
[77295261ms] [ERROR] Failed to load resource: net::ERR_CONNECTION_REFUSED @ http://localhost:3004/events:0
[77298264ms] [ERROR] Failed to load resource: net::ERR_CONNECTION_REFUSED @ http://localhost:3004/events:0
[77301268ms] [ERROR] Failed to load resource: net::ERR_CONNECTION_REFUSED @ http://localhost:3004/events:0
[77304275ms] [ERROR] Failed to load resource: net::ERR_CONNECTION_REFUSED @ http://localhost:3004/events:0
[77307279ms] [ERROR] Failed to load resource: net::ERR_CONNECTION_REFUSED @ http://localhost:3004/events:0
[77310282ms] [ERROR] Failed to load resource: net::ERR_CONNECTION_REFUSED @ http://localhost:3004/events:0
[77313285ms] [ERROR] Failed to load resource: net::ERR_CONNECTION_REFUSED @ http://localhost:3004/events:0
[77316290ms] [ERROR] Failed to load resource: net::ERR_CONNECTION_REFUSED @ http://localhost:3004/events:0
[77319296ms] [ERROR] Failed to load resource: net::ERR_CONNECTION_REFUSED @ http://localhost:3004/events:0
[77322302ms] [ERROR] Failed to load resource: net::ERR_CONNECTION_REFUSED @ http://localhost:3004/events:0
[77325307ms] [ERROR] Failed to load resource: net::ERR_CONNECTION_REFUSED @ http://localhost:3004/events:0
[77328311ms] [ERROR] Failed to load resource: net::ERR_CONNECTION_REFUSED @ http://localhost:3004/events:0
[77331313ms] [ERROR] Failed to load resource: net::ERR_CONNECTION_REFUSED @ http://localhost:3004/events:0
[77334320ms] [ERROR] Failed to load resource: net::ERR_CONNECTION_REFUSED @ http://localhost:3004/events:0
[77337325ms] [ERROR] Failed to load resource: net::ERR_CONNECTION_REFUSED @ http://localhost:3004/events:0
[77340330ms] [ERROR] Failed to load resource: net::ERR_CONNECTION_REFUSED @ http://localhost:3004/events:0
[77343333ms] [ERROR] Failed to load resource: net::ERR_CONNECTION_REFUSED @ http://localhost:3004/events:0
[77346340ms] [ERROR] Failed to load resource: net::ERR_CONNECTION_REFUSED @ http://localhost:3004/events:0
[77349344ms] [ERROR] Failed to load resource: net::ERR_CONNECTION_REFUSED @ http://localhost:3004/events:0
[77352350ms] [ERROR] Failed to load resource: net::ERR_CONNECTION_REFUSED @ http://localhost:3004/events:0
[77355356ms] [ERROR] Failed to load resource: net::ERR_CONNECTION_REFUSED @ http://localhost:3004/events:0
[77358360ms] [ERROR] Failed to load resource: net::ERR_CONNECTION_REFUSED @ http://localhost:3004/events:0
[77361363ms] [ERROR] Failed to load resource: net::ERR_CONNECTION_REFUSED @ http://localhost:3004/events:0
[77364372ms] [ERROR] Failed to load resource: net::ERR_CONNECTION_REFUSED @ http://localhost:3004/events:0
[77367379ms] [ERROR] Failed to load resource: net::ERR_CONNECTION_REFUSED @ http://localhost:3004/events:0
[77370384ms] [ERROR] Failed to load resource: net::ERR_CONNECTION_REFUSED @ http://localhost:3004/events:0
[77373387ms] [ERROR] Failed to load resource: net::ERR_CONNECTION_REFUSED @ http://localhost:3004/events:0
[77376393ms] [ERROR] Failed to load resource: net::ERR_CONNECTION_REFUSED @ http://localhost:3004/events:0
[77379400ms] [ERROR] Failed to load resource: net::ERR_CONNECTION_REFUSED @ http://localhost:3004/events:0
[77382408ms] [ERROR] Failed to load resource: net::ERR_CONNECTION_REFUSED @ http://localhost:3004/events:0
[77385414ms] [ERROR] Failed to load resource: net::ERR_CONNECTION_REFUSED @ http://localhost:3004/events:0
[77388418ms] [ERROR] Failed to load resource: net::ERR_CONNECTION_REFUSED @ http://localhost:3004/events:0
[77391420ms] [ERROR] Failed to load resource: net::ERR_CONNECTION_REFUSED @ http://localhost:3004/events:0
[77394426ms] [ERROR] Failed to load resource: net::ERR_CONNECTION_REFUSED @ http://localhost:3004/events:0
[77397430ms] [ERROR] Failed to load resource: net::ERR_CONNECTION_REFUSED @ http://localhost:3004/events:0
[77400436ms] [ERROR] Failed to load resource: net::ERR_CONNECTION_REFUSED @ http://localhost:3004/events:0
[77403440ms] [ERROR] Failed to load resource: net::ERR_CONNECTION_REFUSED @ http://localhost:3004/events:0
[77406444ms] [ERROR] Failed to load resource: net::ERR_CONNECTION_REFUSED @ http://localhost:3004/events:0
[77409448ms] [ERROR] Failed to load resource: net::ERR_CONNECTION_REFUSED @ http://localhost:3004/events:0
[77412454ms] [ERROR] Failed to load resource: net::ERR_CONNECTION_REFUSED @ http://localhost:3004/events:0
[77415461ms] [ERROR] Failed to load resource: net::ERR_CONNECTION_REFUSED @ http://localhost:3004/events:0
[77418468ms] [ERROR] Failed to load resource: net::ERR_CONNECTION_REFUSED @ http://localhost:3004/events:0
[77421474ms] [ERROR] Failed to load resource: net::ERR_CONNECTION_REFUSED @ http://localhost:3004/events:0
[77424479ms] [ERROR] Failed to load resource: net::ERR_CONNECTION_REFUSED @ http://localhost:3004/events:0
[77427484ms] [ERROR] Failed to load resource: net::ERR_CONNECTION_REFUSED @ http://localhost:3004/events:0
[77430489ms] [ERROR] Failed to load resource: net::ERR_CONNECTION_REFUSED @ http://localhost:3004/events:0
[77433494ms] [ERROR] Failed to load resource: net::ERR_CONNECTION_REFUSED @ http://localhost:3004/events:0
[77436500ms] [ERROR] Failed to load resource: net::ERR_CONNECTION_REFUSED @ http://localhost:3004/events:0
[77439505ms] [ERROR] Failed to load resource: net::ERR_CONNECTION_REFUSED @ http://localhost:3004/events:0
[77442512ms] [ERROR] Failed to load resource: net::ERR_CONNECTION_REFUSED @ http://localhost:3004/events:0
[77445518ms] [ERROR] Failed to load resource: net::ERR_CONNECTION_REFUSED @ http://localhost:3004/events:0
[77448522ms] [ERROR] Failed to load resource: net::ERR_CONNECTION_REFUSED @ http://localhost:3004/events:0
[77451526ms] [ERROR] Failed to load resource: net::ERR_CONNECTION_REFUSED @ http://localhost:3004/events:0
[77454533ms] [ERROR] Failed to load resource: net::ERR_CONNECTION_REFUSED @ http://localhost:3004/events:0
[77457538ms] [ERROR] Failed to load resource: net::ERR_CONNECTION_REFUSED @ http://localhost:3004/events:0
[77460545ms] [ERROR] Failed to load resource: net::ERR_CONNECTION_REFUSED @ http://localhost:3004/events:0
[77463549ms] [ERROR] Failed to load resource: net::ERR_CONNECTION_REFUSED @ http://localhost:3004/events:0
[77466554ms] [ERROR] Failed to load resource: net::ERR_CONNECTION_REFUSED @ http://localhost:3004/events:0
[77469559ms] [ERROR] Failed to load resource: net::ERR_CONNECTION_REFUSED @ http://localhost:3004/events:0
[77472565ms] [ERROR] Failed to load resource: net::ERR_CONNECTION_REFUSED @ http://localhost:3004/events:0
[77475571ms] [ERROR] Failed to load resource: net::ERR_CONNECTION_REFUSED @ http://localhost:3004/events:0
[77478573ms] [ERROR] Failed to load resource: net::ERR_CONNECTION_REFUSED @ http://localhost:3004/events:0
[77481579ms] [ERROR] Failed to load resource: net::ERR_CONNECTION_REFUSED @ http://localhost:3004/events:0
[77484584ms] [ERROR] Failed to load resource: net::ERR_CONNECTION_REFUSED @ http://localhost:3004/events:0
[77487589ms] [ERROR] Failed to load resource: net::ERR_CONNECTION_REFUSED @ http://localhost:3004/events:0
[77490595ms] [ERROR] Failed to load resource: net::ERR_CONNECTION_REFUSED @ http://localhost:3004/events:0
[77493598ms] [ERROR] Failed to load resource: net::ERR_CONNECTION_REFUSED @ http://localhost:3004/events:0
[77496604ms] [ERROR] Failed to load resource: net::ERR_CONNECTION_REFUSED @ http://localhost:3004/events:0
[77499609ms] [ERROR] Failed to load resource: net::ERR_CONNECTION_REFUSED @ http://localhost:3004/events:0
[77502615ms] [ERROR] Failed to load resource: net::ERR_CONNECTION_REFUSED @ http://localhost:3004/events:0
[77505622ms] [ERROR] Failed to load resource: net::ERR_CONNECTION_REFUSED @ http://localhost:3004/events:0
[77508628ms] [ERROR] Failed to load resource: net::ERR_CONNECTION_REFUSED @ http://localhost:3004/events:0
[77511633ms] [ERROR] Failed to load resource: net::ERR_CONNECTION_REFUSED @ http://localhost:3004/events:0
[77514638ms] [ERROR] Failed to load resource: net::ERR_CONNECTION_REFUSED @ http://localhost:3004/events:0
[77517643ms] [ERROR] Failed to load resource: net::ERR_CONNECTION_REFUSED @ http://localhost:3004/events:0
[77520648ms] [ERROR] Failed to load resource: net::ERR_CONNECTION_REFUSED @ http://localhost:3004/events:0
[77523654ms] [ERROR] Failed to load resource: net::ERR_CONNECTION_REFUSED @ http://localhost:3004/events:0
[77526660ms] [ERROR] Failed to load resource: net::ERR_CONNECTION_REFUSED @ http://localhost:3004/events:0
[77529665ms] [ERROR] Failed to load resource: net::ERR_CONNECTION_REFUSED @ http://localhost:3004/events:0
[77532670ms] [ERROR] Failed to load resource: net::ERR_CONNECTION_REFUSED @ http://localhost:3004/events:0
[77535676ms] [ERROR] Failed to load resource: net::ERR_CONNECTION_REFUSED @ http://localhost:3004/events:0
[77538682ms] [ERROR] Failed to load resource: net::ERR_CONNECTION_REFUSED @ http://localhost:3004/events:0
[77541687ms] [ERROR] Failed to load resource: net::ERR_CONNECTION_REFUSED @ http://localhost:3004/events:0
[77544693ms] [ERROR] Failed to load resource: net::ERR_CONNECTION_REFUSED @ http://localhost:3004/events:0
[77547697ms] [ERROR] Failed to load resource: net::ERR_CONNECTION_REFUSED @ http://localhost:3004/events:0
[77550702ms] [ERROR] Failed to load resource: net::ERR_CONNECTION_REFUSED @ http://localhost:3004/events:0
[77553704ms] [ERROR] Failed to load resource: net::ERR_CONNECTION_REFUSED @ http://localhost:3004/events:0
[77556710ms] [ERROR] Failed to load resource: net::ERR_CONNECTION_REFUSED @ http://localhost:3004/events:0
[77559717ms] [ERROR] Failed to load resource: net::ERR_CONNECTION_REFUSED @ http://localhost:3004/events:0
[77562724ms] [ERROR] Failed to load resource: net::ERR_CONNECTION_REFUSED @ http://localhost:3004/events:0
[77565730ms] [ERROR] Failed to load resource: net::ERR_CONNECTION_REFUSED @ http://localhost:3004/events:0
[77568736ms] [ERROR] Failed to load resource: net::ERR_CONNECTION_REFUSED @ http://localhost:3004/events:0
[77571743ms] [ERROR] Failed to load resource: net::ERR_CONNECTION_REFUSED @ http://localhost:3004/events:0
[77574748ms] [ERROR] Failed to load resource: net::ERR_CONNECTION_REFUSED @ http://localhost:3004/events:0
[77577750ms] [ERROR] Failed to load resource: net::ERR_CONNECTION_REFUSED @ http://localhost:3004/events:0
[77580755ms] [ERROR] Failed to load resource: net::ERR_CONNECTION_REFUSED @ http://localhost:3004/events:0
[77583761ms] [ERROR] Failed to load resource: net::ERR_CONNECTION_REFUSED @ http://localhost:3004/events:0
[77586766ms] [ERROR] Failed to load resource: net::ERR_CONNECTION_REFUSED @ http://localhost:3004/events:0
[77589770ms] [ERROR] Failed to load resource: net::ERR_CONNECTION_REFUSED @ http://localhost:3004/events:0
[77592776ms] [ERROR] Failed to load resource: net::ERR_CONNECTION_REFUSED @ http://localhost:3004/events:0
[77595783ms] [ERROR] Failed to load resource: net::ERR_CONNECTION_REFUSED @ http://localhost:3004/events:0
[77598788ms] [ERROR] Failed to load resource: net::ERR_CONNECTION_REFUSED @ http://localhost:3004/events:0
[77601792ms] [ERROR] Failed to load resource: net::ERR_CONNECTION_REFUSED @ http://localhost:3004/events:0
[77604798ms] [ERROR] Failed to load resource: net::ERR_CONNECTION_REFUSED @ http://localhost:3004/events:0
[77607801ms] [ERROR] Failed to load resource: net::ERR_CONNECTION_REFUSED @ http://localhost:3004/events:0
[77610809ms] [ERROR] Failed to load resource: net::ERR_CONNECTION_REFUSED @ http://localhost:3004/events:0
[77613815ms] [ERROR] Failed to load resource: net::ERR_CONNECTION_REFUSED @ http://localhost:3004/events:0
[77616820ms] [ERROR] Failed to load resource: net::ERR_CONNECTION_REFUSED @ http://localhost:3004/events:0
[77619825ms] [ERROR] Failed to load resource: net::ERR_CONNECTION_REFUSED @ http://localhost:3004/events:0
[77622831ms] [ERROR] Failed to load resource: net::ERR_CONNECTION_REFUSED @ http://localhost:3004/events:0
[77625837ms] [ERROR] Failed to load resource: net::ERR_CONNECTION_REFUSED @ http://localhost:3004/events:0
[77628843ms] [ERROR] Failed to load resource: net::ERR_CONNECTION_REFUSED @ http://localhost:3004/events:0
[77631851ms] [ERROR] Failed to load resource: net::ERR_CONNECTION_REFUSED @ http://localhost:3004/events:0
[77634856ms] [ERROR] Failed to load resource: net::ERR_CONNECTION_REFUSED @ http://localhost:3004/events:0
[77637860ms] [ERROR] Failed to load resource: net::ERR_CONNECTION_REFUSED @ http://localhost:3004/events:0
[77640866ms] [ERROR] Failed to load resource: net::ERR_CONNECTION_REFUSED @ http://localhost:3004/events:0
[77643870ms] [ERROR] Failed to load resource: net::ERR_CONNECTION_REFUSED @ http://localhost:3004/events:0
[77646874ms] [ERROR] Failed to load resource: net::ERR_CONNECTION_REFUSED @ http://localhost:3004/events:0
[77649880ms] [ERROR] Failed to load resource: net::ERR_CONNECTION_REFUSED @ http://localhost:3004/events:0
[77652885ms] [ERROR] Failed to load resource: net::ERR_CONNECTION_REFUSED @ http://localhost:3004/events:0
[77655890ms] [ERROR] Failed to load resource: net::ERR_CONNECTION_REFUSED @ http://localhost:3004/events:0
[77658896ms] [ERROR] Failed to load resource: net::ERR_CONNECTION_REFUSED @ http://localhost:3004/events:0
[77661902ms] [ERROR] Failed to load resource: net::ERR_CONNECTION_REFUSED @ http://localhost:3004/events:0
[77664908ms] [ERROR] Failed to load resource: net::ERR_CONNECTION_REFUSED @ http://localhost:3004/events:0
[77667913ms] [ERROR] Failed to load resource: net::ERR_CONNECTION_REFUSED @ http://localhost:3004/events:0
[77670920ms] [ERROR] Failed to load resource: net::ERR_CONNECTION_REFUSED @ http://localhost:3004/events:0
[77673926ms] [ERROR] Failed to load resource: net::ERR_CONNECTION_REFUSED @ http://localhost:3004/events:0
[77676932ms] [ERROR] Failed to load resource: net::ERR_CONNECTION_REFUSED @ http://localhost:3004/events:0
[77679938ms] [ERROR] Failed to load resource: net::ERR_CONNECTION_REFUSED @ http://localhost:3004/events:0
[77682944ms] [ERROR] Failed to load resource: net::ERR_CONNECTION_REFUSED @ http://localhost:3004/events:0
[77685948ms] [ERROR] Failed to load resource: net::ERR_CONNECTION_REFUSED @ http://localhost:3004/events:0
[77688953ms] [ERROR] Failed to load resource: net::ERR_CONNECTION_REFUSED @ http://localhost:3004/events:0
[77691959ms] [ERROR] Failed to load resource: net::ERR_CONNECTION_REFUSED @ http://localhost:3004/events:0
[77694963ms] [ERROR] Failed to load resource: net::ERR_CONNECTION_REFUSED @ http://localhost:3004/events:0
[77697967ms] [ERROR] Failed to load resource: net::ERR_CONNECTION_REFUSED @ http://localhost:3004/events:0
[77700973ms] [ERROR] Failed to load resource: net::ERR_CONNECTION_REFUSED @ http://localhost:3004/events:0
[77703977ms] [ERROR] Failed to load resource: net::ERR_CONNECTION_REFUSED @ http://localhost:3004/events:0
[77706983ms] [ERROR] Failed to load resource: net::ERR_CONNECTION_REFUSED @ http://localhost:3004/events:0
[77709988ms] [ERROR] Failed to load resource: net::ERR_CONNECTION_REFUSED @ http://localhost:3004/events:0
[77712994ms] [ERROR] Failed to load resource: net::ERR_CONNECTION_REFUSED @ http://localhost:3004/events:0
[77716000ms] [ERROR] Failed to load resource: net::ERR_CONNECTION_REFUSED @ http://localhost:3004/events:0
[77719006ms] [ERROR] Failed to load resource: net::ERR_CONNECTION_REFUSED @ http://localhost:3004/events:0
[77722011ms] [ERROR] Failed to load resource: net::ERR_CONNECTION_REFUSED @ http://localhost:3004/events:0
[77725018ms] [ERROR] Failed to load resource: net::ERR_CONNECTION_REFUSED @ http://localhost:3004/events:0
[77728021ms] [ERROR] Failed to load resource: net::ERR_CONNECTION_REFUSED @ http://localhost:3004/events:0
[77731027ms] [ERROR] Failed to load resource: net::ERR_CONNECTION_REFUSED @ http://localhost:3004/events:0
[77734031ms] [ERROR] Failed to load resource: net::ERR_CONNECTION_REFUSED @ http://localhost:3004/events:0
[77737037ms] [ERROR] Failed to load resource: net::ERR_CONNECTION_REFUSED @ http://localhost:3004/events:0
[77740042ms] [ERROR] Failed to load resource: net::ERR_CONNECTION_REFUSED @ http://localhost:3004/events:0
[77743049ms] [ERROR] Failed to load resource: net::ERR_CONNECTION_REFUSED @ http://localhost:3004/events:0
[77746053ms] [ERROR] Failed to load resource: net::ERR_CONNECTION_REFUSED @ http://localhost:3004/events:0
[77749059ms] [ERROR] Failed to load resource: net::ERR_CONNECTION_REFUSED @ http://localhost:3004/events:0
[77752065ms] [ERROR] Failed to load resource: net::ERR_CONNECTION_REFUSED @ http://localhost:3004/events:0
[77755070ms] [ERROR] Failed to load resource: net::ERR_CONNECTION_REFUSED @ http://localhost:3004/events:0
[77758074ms] [ERROR] Failed to load resource: net::ERR_CONNECTION_REFUSED @ http://localhost:3004/events:0
[77761079ms] [ERROR] Failed to load resource: net::ERR_CONNECTION_REFUSED @ http://localhost:3004/events:0
[77764082ms] [ERROR] Failed to load resource: net::ERR_CONNECTION_REFUSED @ http://localhost:3004/events:0
[77767086ms] [ERROR] Failed to load resource: net::ERR_CONNECTION_REFUSED @ http://localhost:3004/events:0
[77770093ms] [ERROR] Failed to load resource: net::ERR_CONNECTION_REFUSED @ http://localhost:3004/events:0
[77773097ms] [ERROR] Failed to load resource: net::ERR_CONNECTION_REFUSED @ http://localhost:3004/events:0
[77776106ms] [ERROR] Failed to load resource: net::ERR_CONNECTION_REFUSED @ http://localhost:3004/events:0
[77779113ms] [ERROR] Failed to load resource: net::ERR_CONNECTION_REFUSED @ http://localhost:3004/events:0
[77782118ms] [ERROR] Failed to load resource: net::ERR_CONNECTION_REFUSED @ http://localhost:3004/events:0
[77785122ms] [ERROR] Failed to load resource: net::ERR_CONNECTION_REFUSED @ http://localhost:3004/events:0
[77788128ms] [ERROR] Failed to load resource: net::ERR_CONNECTION_REFUSED @ http://localhost:3004/events:0
[77791134ms] [ERROR] Failed to load resource: net::ERR_CONNECTION_REFUSED @ http://localhost:3004/events:0
[77794141ms] [ERROR] Failed to load resource: net::ERR_CONNECTION_REFUSED @ http://localhost:3004/events:0
[77797147ms] [ERROR] Failed to load resource: net::ERR_CONNECTION_REFUSED @ http://localhost:3004/events:0
[77800154ms] [ERROR] Failed to load resource: net::ERR_CONNECTION_REFUSED @ http://localhost:3004/events:0
[77803160ms] [ERROR] Failed to load resource: net::ERR_CONNECTION_REFUSED @ http://localhost:3004/events:0
[77806166ms] [ERROR] Failed to load resource: net::ERR_CONNECTION_REFUSED @ http://localhost:3004/events:0
[77809170ms] [ERROR] Failed to load resource: net::ERR_CONNECTION_REFUSED @ http://localhost:3004/events:0
[77812176ms] [ERROR] Failed to load resource: net::ERR_CONNECTION_REFUSED @ http://localhost:3004/events:0
[77815182ms] [ERROR] Failed to load resource: net::ERR_CONNECTION_REFUSED @ http://localhost:3004/events:0
[77818187ms] [ERROR] Failed to load resource: net::ERR_CONNECTION_REFUSED @ http://localhost:3004/events:0
[77821191ms] [ERROR] Failed to load resource: net::ERR_CONNECTION_REFUSED @ http://localhost:3004/events:0
[77824197ms] [ERROR] Failed to load resource: net::ERR_CONNECTION_REFUSED @ http://localhost:3004/events:0
[77827204ms] [ERROR] Failed to load resource: net::ERR_CONNECTION_REFUSED @ http://localhost:3004/events:0
[77830218ms] [ERROR] Failed to load resource: net::ERR_CONNECTION_REFUSED @ http://localhost:3004/events:0
[77833222ms] [ERROR] Failed to load resource: net::ERR_CONNECTION_REFUSED @ http://localhost:3004/events:0
[77836227ms] [ERROR] Failed to load resource: net::ERR_CONNECTION_REFUSED @ http://localhost:3004/events:0
[77839231ms] [ERROR] Failed to load resource: net::ERR_CONNECTION_REFUSED @ http://localhost:3004/events:0
[77842236ms] [ERROR] Failed to load resource: net::ERR_CONNECTION_REFUSED @ http://localhost:3004/events:0
[77845242ms] [ERROR] Failed to load resource: net::ERR_CONNECTION_REFUSED @ http://localhost:3004/events:0
[77848248ms] [ERROR] Failed to load resource: net::ERR_CONNECTION_REFUSED @ http://localhost:3004/events:0
[77851253ms] [ERROR] Failed to load resource: net::ERR_CONNECTION_REFUSED @ http://localhost:3004/events:0
[77854259ms] [ERROR] Failed to load resource: net::ERR_CONNECTION_REFUSED @ http://localhost:3004/events:0
[77857265ms] [ERROR] Failed to load resource: net::ERR_CONNECTION_REFUSED @ http://localhost:3004/events:0
[77860269ms] [ERROR] Failed to load resource: net::ERR_CONNECTION_REFUSED @ http://localhost:3004/events:0
[77863276ms] [ERROR] Failed to load resource: net::ERR_CONNECTION_REFUSED @ http://localhost:3004/events:0
[77866283ms] [ERROR] Failed to load resource: net::ERR_CONNECTION_REFUSED @ http://localhost:3004/events:0
[77869287ms] [ERROR] Failed to load resource: net::ERR_CONNECTION_REFUSED @ http://localhost:3004/events:0
[77872293ms] [ERROR] Failed to load resource: net::ERR_CONNECTION_REFUSED @ http://localhost:3004/events:0
[77875300ms] [ERROR] Failed to load resource: net::ERR_CONNECTION_REFUSED @ http://localhost:3004/events:0
[77878305ms] [ERROR] Failed to load resource: net::ERR_CONNECTION_REFUSED @ http://localhost:3004/events:0
[77881312ms] [ERROR] Failed to load resource: net::ERR_CONNECTION_REFUSED @ http://localhost:3004/events:0
[77884320ms] [ERROR] Failed to load resource: net::ERR_CONNECTION_REFUSED @ http://localhost:3004/events:0
[77887324ms] [ERROR] Failed to load resource: net::ERR_CONNECTION_REFUSED @ http://localhost:3004/events:0
[77890330ms] [ERROR] Failed to load resource: net::ERR_CONNECTION_REFUSED @ http://localhost:3004/events:0
[77893335ms] [ERROR] Failed to load resource: net::ERR_CONNECTION_REFUSED @ http://localhost:3004/events:0
[77896342ms] [ERROR] Failed to load resource: net::ERR_CONNECTION_REFUSED @ http://localhost:3004/events:0
[77899345ms] [ERROR] Failed to load resource: net::ERR_CONNECTION_REFUSED @ http://localhost:3004/events:0
[77902351ms] [ERROR] Failed to load resource: net::ERR_CONNECTION_REFUSED @ http://localhost:3004/events:0
[77905357ms] [ERROR] Failed to load resource: net::ERR_CONNECTION_REFUSED @ http://localhost:3004/events:0
[77908362ms] [ERROR] Failed to load resource: net::ERR_CONNECTION_REFUSED @ http://localhost:3004/events:0
[77911368ms] [ERROR] Failed to load resource: net::ERR_CONNECTION_REFUSED @ http://localhost:3004/events:0
[77914374ms] [ERROR] Failed to load resource: net::ERR_CONNECTION_REFUSED @ http://localhost:3004/events:0
[77917380ms] [ERROR] Failed to load resource: net::ERR_CONNECTION_REFUSED @ http://localhost:3004/events:0
[77920385ms] [ERROR] Failed to load resource: net::ERR_CONNECTION_REFUSED @ http://localhost:3004/events:0
[77923392ms] [ERROR] Failed to load resource: net::ERR_CONNECTION_REFUSED @ http://localhost:3004/events:0
[77926398ms] [ERROR] Failed to load resource: net::ERR_CONNECTION_REFUSED @ http://localhost:3004/events:0
[77929401ms] [ERROR] Failed to load resource: net::ERR_CONNECTION_REFUSED @ http://localhost:3004/events:0
[77932407ms] [ERROR] Failed to load resource: net::ERR_CONNECTION_REFUSED @ http://localhost:3004/events:0
[77935414ms] [ERROR] Failed to load resource: net::ERR_CONNECTION_REFUSED @ http://localhost:3004/events:0
[77938417ms] [ERROR] Failed to load resource: net::ERR_CONNECTION_REFUSED @ http://localhost:3004/events:0
[77941423ms] [ERROR] Failed to load resource: net::ERR_CONNECTION_REFUSED @ http://localhost:3004/events:0
[77944429ms] [ERROR] Failed to load resource: net::ERR_CONNECTION_REFUSED @ http://localhost:3004/events:0
[77947433ms] [ERROR] Failed to load resource: net::ERR_CONNECTION_REFUSED @ http://localhost:3004/events:0
[77950443ms] [ERROR] Failed to load resource: net::ERR_CONNECTION_REFUSED @ http://localhost:3004/events:0
[77953447ms] [ERROR] Failed to load resource: net::ERR_CONNECTION_REFUSED @ http://localhost:3004/events:0
[77956453ms] [ERROR] Failed to load resource: net::ERR_CONNECTION_REFUSED @ http://localhost:3004/events:0
[77959456ms] [ERROR] Failed to load resource: net::ERR_CONNECTION_REFUSED @ http://localhost:3004/events:0
[77962463ms] [ERROR] Failed to load resource: net::ERR_CONNECTION_REFUSED @ http://localhost:3004/events:0
[77965469ms] [ERROR] Failed to load resource: net::ERR_CONNECTION_REFUSED @ http://localhost:3004/events:0
[77968472ms] [ERROR] Failed to load resource: net::ERR_CONNECTION_REFUSED @ http://localhost:3004/events:0
[77971478ms] [ERROR] Failed to load resource: net::ERR_CONNECTION_REFUSED @ http://localhost:3004/events:0
[77974482ms] [ERROR] Failed to load resource: net::ERR_CONNECTION_REFUSED @ http://localhost:3004/events:0
[77977486ms] [ERROR] Failed to load resource: net::ERR_CONNECTION_REFUSED @ http://localhost:3004/events:0
[77980490ms] [ERROR] Failed to load resource: net::ERR_CONNECTION_REFUSED @ http://localhost:3004/events:0
[77983493ms] [ERROR] Failed to load resource: net::ERR_CONNECTION_REFUSED @ http://localhost:3004/events:0
[77986501ms] [ERROR] Failed to load resource: net::ERR_CONNECTION_REFUSED @ http://localhost:3004/events:0
[77989506ms] [ERROR] Failed to load resource: net::ERR_CONNECTION_REFUSED @ http://localhost:3004/events:0
[77992510ms] [ERROR] Failed to load resource: net::ERR_CONNECTION_REFUSED @ http://localhost:3004/events:0
[77995516ms] [ERROR] Failed to load resource: net::ERR_CONNECTION_REFUSED @ http://localhost:3004/events:0
[77998520ms] [ERROR] Failed to load resource: net::ERR_CONNECTION_REFUSED @ http://localhost:3004/events:0
[78001525ms] [ERROR] Failed to load resource: net::ERR_CONNECTION_REFUSED @ http://localhost:3004/events:0
[78004531ms] [ERROR] Failed to load resource: net::ERR_CONNECTION_REFUSED @ http://localhost:3004/events:0
[78007536ms] [ERROR] Failed to load resource: net::ERR_CONNECTION_REFUSED @ http://localhost:3004/events:0
[78010540ms] [ERROR] Failed to load resource: net::ERR_CONNECTION_REFUSED @ http://localhost:3004/events:0
[78013543ms] [ERROR] Failed to load resource: net::ERR_CONNECTION_REFUSED @ http://localhost:3004/events:0
[78016547ms] [ERROR] Failed to load resource: net::ERR_CONNECTION_REFUSED @ http://localhost:3004/events:0
[78019553ms] [ERROR] Failed to load resource: net::ERR_CONNECTION_REFUSED @ http://localhost:3004/events:0
[78022560ms] [ERROR] Failed to load resource: net::ERR_CONNECTION_REFUSED @ http://localhost:3004/events:0
[78025566ms] [ERROR] Failed to load resource: net::ERR_CONNECTION_REFUSED @ http://localhost:3004/events:0
[78028569ms] [ERROR] Failed to load resource: net::ERR_CONNECTION_REFUSED @ http://localhost:3004/events:0
[78031575ms] [ERROR] Failed to load resource: net::ERR_CONNECTION_REFUSED @ http://localhost:3004/events:0
[78034580ms] [ERROR] Failed to load resource: net::ERR_CONNECTION_REFUSED @ http://localhost:3004/events:0
[78037584ms] [ERROR] Failed to load resource: net::ERR_CONNECTION_REFUSED @ http://localhost:3004/events:0
[78040588ms] [ERROR] Failed to load resource: net::ERR_CONNECTION_REFUSED @ http://localhost:3004/events:0
[78043591ms] [ERROR] Failed to load resource: net::ERR_CONNECTION_REFUSED @ http://localhost:3004/events:0
[78046597ms] [ERROR] Failed to load resource: net::ERR_CONNECTION_REFUSED @ http://localhost:3004/events:0
[78049603ms] [ERROR] Failed to load resource: net::ERR_CONNECTION_REFUSED @ http://localhost:3004/events:0
[78052608ms] [ERROR] Failed to load resource: net::ERR_CONNECTION_REFUSED @ http://localhost:3004/events:0
[78055614ms] [ERROR] Failed to load resource: net::ERR_CONNECTION_REFUSED @ http://localhost:3004/events:0
[78058618ms] [ERROR] Failed to load resource: net::ERR_CONNECTION_REFUSED @ http://localhost:3004/events:0
[78061623ms] [ERROR] Failed to load resource: net::ERR_CONNECTION_REFUSED @ http://localhost:3004/events:0
[78064628ms] [ERROR] Failed to load resource: net::ERR_CONNECTION_REFUSED @ http://localhost:3004/events:0
[78067634ms] [ERROR] Failed to load resource: net::ERR_CONNECTION_REFUSED @ http://localhost:3004/events:0
[78070640ms] [ERROR] Failed to load resource: net::ERR_CONNECTION_REFUSED @ http://localhost:3004/events:0
[78073644ms] [ERROR] Failed to load resource: net::ERR_CONNECTION_REFUSED @ http://localhost:3004/events:0
[78076649ms] [ERROR] Failed to load resource: net::ERR_CONNECTION_REFUSED @ http://localhost:3004/events:0
[78079655ms] [ERROR] Failed to load resource: net::ERR_CONNECTION_REFUSED @ http://localhost:3004/events:0
[78082660ms] [ERROR] Failed to load resource: net::ERR_CONNECTION_REFUSED @ http://localhost:3004/events:0
[78085666ms] [ERROR] Failed to load resource: net::ERR_CONNECTION_REFUSED @ http://localhost:3004/events:0
[78088669ms] [ERROR] Failed to load resource: net::ERR_CONNECTION_REFUSED @ http://localhost:3004/events:0
[78091673ms] [ERROR] Failed to load resource: net::ERR_CONNECTION_REFUSED @ http://localhost:3004/events:0
[78094678ms] [ERROR] Failed to load resource: net::ERR_CONNECTION_REFUSED @ http://localhost:3004/events:0
[78097684ms] [ERROR] Failed to load resource: net::ERR_CONNECTION_REFUSED @ http://localhost:3004/events:0
[78100690ms] [ERROR] Failed to load resource: net::ERR_CONNECTION_REFUSED @ http://localhost:3004/events:0
[78103694ms] [ERROR] Failed to load resource: net::ERR_CONNECTION_REFUSED @ http://localhost:3004/events:0
[78106700ms] [ERROR] Failed to load resource: net::ERR_CONNECTION_REFUSED @ http://localhost:3004/events:0
[78109705ms] [ERROR] Failed to load resource: net::ERR_CONNECTION_REFUSED @ http://localhost:3004/events:0
[78112711ms] [ERROR] Failed to load resource: net::ERR_CONNECTION_REFUSED @ http://localhost:3004/events:0
[78115717ms] [ERROR] Failed to load resource: net::ERR_CONNECTION_REFUSED @ http://localhost:3004/events:0
[78118721ms] [ERROR] Failed to load resource: net::ERR_CONNECTION_REFUSED @ http://localhost:3004/events:0
[78121725ms] [ERROR] Failed to load resource: net::ERR_CONNECTION_REFUSED @ http://localhost:3004/events:0
[78124731ms] [ERROR] Failed to load resource: net::ERR_CONNECTION_REFUSED @ http://localhost:3004/events:0
[78127737ms] [ERROR] Failed to load resource: net::ERR_CONNECTION_REFUSED @ http://localhost:3004/events:0
[78130744ms] [ERROR] Failed to load resource: net::ERR_CONNECTION_REFUSED @ http://localhost:3004/events:0
[78133749ms] [ERROR] Failed to load resource: net::ERR_CONNECTION_REFUSED @ http://localhost:3004/events:0
[78136755ms] [ERROR] Failed to load resource: net::ERR_CONNECTION_REFUSED @ http://localhost:3004/events:0
[78139759ms] [ERROR] Failed to load resource: net::ERR_CONNECTION_REFUSED @ http://localhost:3004/events:0
[78142766ms] [ERROR] Failed to load resource: net::ERR_CONNECTION_REFUSED @ http://localhost:3004/events:0
[78145772ms] [ERROR] Failed to load resource: net::ERR_CONNECTION_REFUSED @ http://localhost:3004/events:0
[78148778ms] [ERROR] Failed to load resource: net::ERR_CONNECTION_REFUSED @ http://localhost:3004/events:0
[78151781ms] [ERROR] Failed to load resource: net::ERR_CONNECTION_REFUSED @ http://localhost:3004/events:0
[78154787ms] [ERROR] Failed to load resource: net::ERR_CONNECTION_REFUSED @ http://localhost:3004/events:0
[78157794ms] [ERROR] Failed to load resource: net::ERR_CONNECTION_REFUSED @ http://localhost:3004/events:0
[78160799ms] [ERROR] Failed to load resource: net::ERR_CONNECTION_REFUSED @ http://localhost:3004/events:0
[78163804ms] [ERROR] Failed to load resource: net::ERR_CONNECTION_REFUSED @ http://localhost:3004/events:0
[78166810ms] [ERROR] Failed to load resource: net::ERR_CONNECTION_REFUSED @ http://localhost:3004/events:0
[78169816ms] [ERROR] Failed to load resource: net::ERR_CONNECTION_REFUSED @ http://localhost:3004/events:0
[78172822ms] [ERROR] Failed to load resource: net::ERR_CONNECTION_REFUSED @ http://localhost:3004/events:0
[78175826ms] [ERROR] Failed to load resource: net::ERR_CONNECTION_REFUSED @ http://localhost:3004/events:0
[78178831ms] [ERROR] Failed to load resource: net::ERR_CONNECTION_REFUSED @ http://localhost:3004/events:0
[78181835ms] [ERROR] Failed to load resource: net::ERR_CONNECTION_REFUSED @ http://localhost:3004/events:0
[78184841ms] [ERROR] Failed to load resource: net::ERR_CONNECTION_REFUSED @ http://localhost:3004/events:0
[78187848ms] [ERROR] Failed to load resource: net::ERR_CONNECTION_REFUSED @ http://localhost:3004/events:0
[78190856ms] [ERROR] Failed to load resource: net::ERR_CONNECTION_REFUSED @ http://localhost:3004/events:0
[78193862ms] [ERROR] Failed to load resource: net::ERR_CONNECTION_REFUSED @ http://localhost:3004/events:0
[78196867ms] [ERROR] Failed to load resource: net::ERR_CONNECTION_REFUSED @ http://localhost:3004/events:0
[78199873ms] [ERROR] Failed to load resource: net::ERR_CONNECTION_REFUSED @ http://localhost:3004/events:0
[78202879ms] [ERROR] Failed to load resource: net::ERR_CONNECTION_REFUSED @ http://localhost:3004/events:0
[78205886ms] [ERROR] Failed to load resource: net::ERR_CONNECTION_REFUSED @ http://localhost:3004/events:0
[78208891ms] [ERROR] Failed to load resource: net::ERR_CONNECTION_REFUSED @ http://localhost:3004/events:0
[78211893ms] [ERROR] Failed to load resource: net::ERR_CONNECTION_REFUSED @ http://localhost:3004/events:0
[78214899ms] [ERROR] Failed to load resource: net::ERR_CONNECTION_REFUSED @ http://localhost:3004/events:0
[78217905ms] [ERROR] Failed to load resource: net::ERR_CONNECTION_REFUSED @ http://localhost:3004/events:0
[78220912ms] [ERROR] Failed to load resource: net::ERR_CONNECTION_REFUSED @ http://localhost:3004/events:0
[78223917ms] [ERROR] Failed to load resource: net::ERR_CONNECTION_REFUSED @ http://localhost:3004/events:0
[78226923ms] [ERROR] Failed to load resource: net::ERR_CONNECTION_REFUSED @ http://localhost:3004/events:0
[78229929ms] [ERROR] Failed to load resource: net::ERR_CONNECTION_REFUSED @ http://localhost:3004/events:0
[78232933ms] [ERROR] Failed to load resource: net::ERR_CONNECTION_REFUSED @ http://localhost:3004/events:0
[78235939ms] [ERROR] Failed to load resource: net::ERR_CONNECTION_REFUSED @ http://localhost:3004/events:0
[78238945ms] [ERROR] Failed to load resource: net::ERR_CONNECTION_REFUSED @ http://localhost:3004/events:0
[78241949ms] [ERROR] Failed to load resource: net::ERR_CONNECTION_REFUSED @ http://localhost:3004/events:0
[78244954ms] [ERROR] Failed to load resource: net::ERR_CONNECTION_REFUSED @ http://localhost:3004/events:0
[78247960ms] [ERROR] Failed to load resource: net::ERR_CONNECTION_REFUSED @ http://localhost:3004/events:0
[78250967ms] [ERROR] Failed to load resource: net::ERR_CONNECTION_REFUSED @ http://localhost:3004/events:0
[78253973ms] [ERROR] Failed to load resource: net::ERR_CONNECTION_REFUSED @ http://localhost:3004/events:0
[78256979ms] [ERROR] Failed to load resource: net::ERR_CONNECTION_REFUSED @ http://localhost:3004/events:0
[78259985ms] [ERROR] Failed to load resource: net::ERR_CONNECTION_REFUSED @ http://localhost:3004/events:0
[78262993ms] [ERROR] Failed to load resource: net::ERR_CONNECTION_REFUSED @ http://localhost:3004/events:0
[78265997ms] [ERROR] Failed to load resource: net::ERR_CONNECTION_REFUSED @ http://localhost:3004/events:0
[78269003ms] [ERROR] Failed to load resource: net::ERR_CONNECTION_REFUSED @ http://localhost:3004/events:0
[78272005ms] [ERROR] Failed to load resource: net::ERR_CONNECTION_REFUSED @ http://localhost:3004/events:0
[78275011ms] [ERROR] Failed to load resource: net::ERR_CONNECTION_REFUSED @ http://localhost:3004/events:0
[78278016ms] [ERROR] Failed to load resource: net::ERR_CONNECTION_REFUSED @ http://localhost:3004/events:0
[78281021ms] [ERROR] Failed to load resource: net::ERR_CONNECTION_REFUSED @ http://localhost:3004/events:0
[78284025ms] [ERROR] Failed to load resource: net::ERR_CONNECTION_REFUSED @ http://localhost:3004/events:0
[78287031ms] [ERROR] Failed to load resource: net::ERR_CONNECTION_REFUSED @ http://localhost:3004/events:0
[78290036ms] [ERROR] Failed to load resource: net::ERR_CONNECTION_REFUSED @ http://localhost:3004/events:0
[78293042ms] [ERROR] Failed to load resource: net::ERR_CONNECTION_REFUSED @ http://localhost:3004/events:0
[78296047ms] [ERROR] Failed to load resource: net::ERR_CONNECTION_REFUSED @ http://localhost:3004/events:0
[78299053ms] [ERROR] Failed to load resource: net::ERR_CONNECTION_REFUSED @ http://localhost:3004/events:0
[78302058ms] [ERROR] Failed to load resource: net::ERR_CONNECTION_REFUSED @ http://localhost:3004/events:0
[78305063ms] [ERROR] Failed to load resource: net::ERR_CONNECTION_REFUSED @ http://localhost:3004/events:0
[78308069ms] [ERROR] Failed to load resource: net::ERR_CONNECTION_REFUSED @ http://localhost:3004/events:0
[78311075ms] [ERROR] Failed to load resource: net::ERR_CONNECTION_REFUSED @ http://localhost:3004/events:0
[78314079ms] [ERROR] Failed to load resource: net::ERR_CONNECTION_REFUSED @ http://localhost:3004/events:0
[78317085ms] [ERROR] Failed to load resource: net::ERR_CONNECTION_REFUSED @ http://localhost:3004/events:0
[78320089ms] [ERROR] Failed to load resource: net::ERR_CONNECTION_REFUSED @ http://localhost:3004/events:0
[78323095ms] [ERROR] Failed to load resource: net::ERR_CONNECTION_REFUSED @ http://localhost:3004/events:0
[78326101ms] [ERROR] Failed to load resource: net::ERR_CONNECTION_REFUSED @ http://localhost:3004/events:0
[78329108ms] [ERROR] Failed to load resource: net::ERR_CONNECTION_REFUSED @ http://localhost:3004/events:0
[78332111ms] [ERROR] Failed to load resource: net::ERR_CONNECTION_REFUSED @ http://localhost:3004/events:0
[78335116ms] [ERROR] Failed to load resource: net::ERR_CONNECTION_REFUSED @ http://localhost:3004/events:0
[78338124ms] [ERROR] Failed to load resource: net::ERR_CONNECTION_REFUSED @ http://localhost:3004/events:0
[78341130ms] [ERROR] Failed to load resource: net::ERR_CONNECTION_REFUSED @ http://localhost:3004/events:0
[78344134ms] [ERROR] Failed to load resource: net::ERR_CONNECTION_REFUSED @ http://localhost:3004/events:0
[78347141ms] [ERROR] Failed to load resource: net::ERR_CONNECTION_REFUSED @ http://localhost:3004/events:0
[78350147ms] [ERROR] Failed to load resource: net::ERR_CONNECTION_REFUSED @ http://localhost:3004/events:0
[78353153ms] [ERROR] Failed to load resource: net::ERR_CONNECTION_REFUSED @ http://localhost:3004/events:0
[78356158ms] [ERROR] Failed to load resource: net::ERR_CONNECTION_REFUSED @ http://localhost:3004/events:0
[78359164ms] [ERROR] Failed to load resource: net::ERR_CONNECTION_REFUSED @ http://localhost:3004/events:0
[78362169ms] [ERROR] Failed to load resource: net::ERR_CONNECTION_REFUSED @ http://localhost:3004/events:0
[78365175ms] [ERROR] Failed to load resource: net::ERR_CONNECTION_REFUSED @ http://localhost:3004/events:0
[78368180ms] [ERROR] Failed to load resource: net::ERR_CONNECTION_REFUSED @ http://localhost:3004/events:0
[78371186ms] [ERROR] Failed to load resource: net::ERR_CONNECTION_REFUSED @ http://localhost:3004/events:0
[78374191ms] [ERROR] Failed to load resource: net::ERR_CONNECTION_REFUSED @ http://localhost:3004/events:0
[78377197ms] [ERROR] Failed to load resource: net::ERR_CONNECTION_REFUSED @ http://localhost:3004/events:0
[78380202ms] [ERROR] Failed to load resource: net::ERR_CONNECTION_REFUSED @ http://localhost:3004/events:0
[78383209ms] [ERROR] Failed to load resource: net::ERR_CONNECTION_REFUSED @ http://localhost:3004/events:0
[78386215ms] [ERROR] Failed to load resource: net::ERR_CONNECTION_REFUSED @ http://localhost:3004/events:0
[78389221ms] [ERROR] Failed to load resource: net::ERR_CONNECTION_REFUSED @ http://localhost:3004/events:0
[78392226ms] [ERROR] Failed to load resource: net::ERR_CONNECTION_REFUSED @ http://localhost:3004/events:0
[78395232ms] [ERROR] Failed to load resource: net::ERR_CONNECTION_REFUSED @ http://localhost:3004/events:0
[78398237ms] [ERROR] Failed to load resource: net::ERR_CONNECTION_REFUSED @ http://localhost:3004/events:0
[78401240ms] [ERROR] Failed to load resource: net::ERR_CONNECTION_REFUSED @ http://localhost:3004/events:0
[78404245ms] [ERROR] Failed to load resource: net::ERR_CONNECTION_REFUSED @ http://localhost:3004/events:0
[78407251ms] [ERROR] Failed to load resource: net::ERR_CONNECTION_REFUSED @ http://localhost:3004/events:0
[78410255ms] [ERROR] Failed to load resource: net::ERR_CONNECTION_REFUSED @ http://localhost:3004/events:0
[78413261ms] [ERROR] Failed to load resource: net::ERR_CONNECTION_REFUSED @ http://localhost:3004/events:0
[78416268ms] [ERROR] Failed to load resource: net::ERR_CONNECTION_REFUSED @ http://localhost:3004/events:0
[78419271ms] [ERROR] Failed to load resource: net::ERR_CONNECTION_REFUSED @ http://localhost:3004/events:0
[78422277ms] [ERROR] Failed to load resource: net::ERR_CONNECTION_REFUSED @ http://localhost:3004/events:0
[78425282ms] [ERROR] Failed to load resource: net::ERR_CONNECTION_REFUSED @ http://localhost:3004/events:0
[78428288ms] [ERROR] Failed to load resource: net::ERR_CONNECTION_REFUSED @ http://localhost:3004/events:0
[78431292ms] [ERROR] Failed to load resource: net::ERR_CONNECTION_REFUSED @ http://localhost:3004/events:0
[78434297ms] [ERROR] Failed to load resource: net::ERR_CONNECTION_REFUSED @ http://localhost:3004/events:0
[78437305ms] [ERROR] Failed to load resource: net::ERR_CONNECTION_REFUSED @ http://localhost:3004/events:0
[78440311ms] [ERROR] Failed to load resource: net::ERR_CONNECTION_REFUSED @ http://localhost:3004/events:0
[78443318ms] [ERROR] Failed to load resource: net::ERR_CONNECTION_REFUSED @ http://localhost:3004/events:0
[78446323ms] [ERROR] Failed to load resource: net::ERR_CONNECTION_REFUSED @ http://localhost:3004/events:0
[78449328ms] [ERROR] Failed to load resource: net::ERR_CONNECTION_REFUSED @ http://localhost:3004/events:0
[78452333ms] [ERROR] Failed to load resource: net::ERR_CONNECTION_REFUSED @ http://localhost:3004/events:0
[78455339ms] [ERROR] Failed to load resource: net::ERR_CONNECTION_REFUSED @ http://localhost:3004/events:0
[78458346ms] [ERROR] Failed to load resource: net::ERR_CONNECTION_REFUSED @ http://localhost:3004/events:0
[78461350ms] [ERROR] Failed to load resource: net::ERR_CONNECTION_REFUSED @ http://localhost:3004/events:0
[78464356ms] [ERROR] Failed to load resource: net::ERR_CONNECTION_REFUSED @ http://localhost:3004/events:0
[78467362ms] [ERROR] Failed to load resource: net::ERR_CONNECTION_REFUSED @ http://localhost:3004/events:0
[78470367ms] [ERROR] Failed to load resource: net::ERR_CONNECTION_REFUSED @ http://localhost:3004/events:0
[78473374ms] [ERROR] Failed to load resource: net::ERR_CONNECTION_REFUSED @ http://localhost:3004/events:0
[78476378ms] [ERROR] Failed to load resource: net::ERR_CONNECTION_REFUSED @ http://localhost:3004/events:0
[78479382ms] [ERROR] Failed to load resource: net::ERR_CONNECTION_REFUSED @ http://localhost:3004/events:0
[78482388ms] [ERROR] Failed to load resource: net::ERR_CONNECTION_REFUSED @ http://localhost:3004/events:0
[78485393ms] [ERROR] Failed to load resource: net::ERR_CONNECTION_REFUSED @ http://localhost:3004/events:0
[78488401ms] [ERROR] Failed to load resource: net::ERR_CONNECTION_REFUSED @ http://localhost:3004/events:0
[78491407ms] [ERROR] Failed to load resource: net::ERR_CONNECTION_REFUSED @ http://localhost:3004/events:0
[78494410ms] [ERROR] Failed to load resource: net::ERR_CONNECTION_REFUSED @ http://localhost:3004/events:0
[78497412ms] [ERROR] Failed to load resource: net::ERR_CONNECTION_REFUSED @ http://localhost:3004/events:0
[78500423ms] [ERROR] Failed to load resource: net::ERR_CONNECTION_REFUSED @ http://localhost:3004/events:0
[78503428ms] [ERROR] Failed to load resource: net::ERR_CONNECTION_REFUSED @ http://localhost:3004/events:0
[78506434ms] [ERROR] Failed to load resource: net::ERR_CONNECTION_REFUSED @ http://localhost:3004/events:0
[78509438ms] [ERROR] Failed to load resource: net::ERR_CONNECTION_REFUSED @ http://localhost:3004/events:0
[78512444ms] [ERROR] Failed to load resource: net::ERR_CONNECTION_REFUSED @ http://localhost:3004/events:0
[78515452ms] [ERROR] Failed to load resource: net::ERR_CONNECTION_REFUSED @ http://localhost:3004/events:0
[78518455ms] [ERROR] Failed to load resource: net::ERR_CONNECTION_REFUSED @ http://localhost:3004/events:0
[78521461ms] [ERROR] Failed to load resource: net::ERR_CONNECTION_REFUSED @ http://localhost:3004/events:0
[78524467ms] [ERROR] Failed to load resource: net::ERR_CONNECTION_REFUSED @ http://localhost:3004/events:0
[78527472ms] [ERROR] Failed to load resource: net::ERR_CONNECTION_REFUSED @ http://localhost:3004/events:0
[78530478ms] [ERROR] Failed to load resource: net::ERR_CONNECTION_REFUSED @ http://localhost:3004/events:0
[78533483ms] [ERROR] Failed to load resource: net::ERR_CONNECTION_REFUSED @ http://localhost:3004/events:0
[78536488ms] [ERROR] Failed to load resource: net::ERR_CONNECTION_REFUSED @ http://localhost:3004/events:0
[78539493ms] [ERROR] Failed to load resource: net::ERR_CONNECTION_REFUSED @ http://localhost:3004/events:0
[78542498ms] [ERROR] Failed to load resource: net::ERR_CONNECTION_REFUSED @ http://localhost:3004/events:0
[78545505ms] [ERROR] Failed to load resource: net::ERR_CONNECTION_REFUSED @ http://localhost:3004/events:0
[78548512ms] [ERROR] Failed to load resource: net::ERR_CONNECTION_REFUSED @ http://localhost:3004/events:0
[78551518ms] [ERROR] Failed to load resource: net::ERR_CONNECTION_REFUSED @ http://localhost:3004/events:0
[78554523ms] [ERROR] Failed to load resource: net::ERR_CONNECTION_REFUSED @ http://localhost:3004/events:0
[78557527ms] [ERROR] Failed to load resource: net::ERR_CONNECTION_REFUSED @ http://localhost:3004/events:0
[78560534ms] [ERROR] Failed to load resource: net::ERR_CONNECTION_REFUSED @ http://localhost:3004/events:0
[78563540ms] [ERROR] Failed to load resource: net::ERR_CONNECTION_REFUSED @ http://localhost:3004/events:0
[78566547ms] [ERROR] Failed to load resource: net::ERR_CONNECTION_REFUSED @ http://localhost:3004/events:0
[78569553ms] [ERROR] Failed to load resource: net::ERR_CONNECTION_REFUSED @ http://localhost:3004/events:0
[78572558ms] [ERROR] Failed to load resource: net::ERR_CONNECTION_REFUSED @ http://localhost:3004/events:0
[78575563ms] [ERROR] Failed to load resource: net::ERR_CONNECTION_REFUSED @ http://localhost:3004/events:0
[78578570ms] [ERROR] Failed to load resource: net::ERR_CONNECTION_REFUSED @ http://localhost:3004/events:0
[78581576ms] [ERROR] Failed to load resource: net::ERR_CONNECTION_REFUSED @ http://localhost:3004/events:0
[78584581ms] [ERROR] Failed to load resource: net::ERR_CONNECTION_REFUSED @ http://localhost:3004/events:0
[78587587ms] [ERROR] Failed to load resource: net::ERR_CONNECTION_REFUSED @ http://localhost:3004/events:0
[78590592ms] [ERROR] Failed to load resource: net::ERR_CONNECTION_REFUSED @ http://localhost:3004/events:0
[78593598ms] [ERROR] Failed to load resource: net::ERR_CONNECTION_REFUSED @ http://localhost:3004/events:0
[78596604ms] [ERROR] Failed to load resource: net::ERR_CONNECTION_REFUSED @ http://localhost:3004/events:0
[78599610ms] [ERROR] Failed to load resource: net::ERR_CONNECTION_REFUSED @ http://localhost:3004/events:0
[78602616ms] [ERROR] Failed to load resource: net::ERR_CONNECTION_REFUSED @ http://localhost:3004/events:0
[78605622ms] [ERROR] Failed to load resource: net::ERR_CONNECTION_REFUSED @ http://localhost:3004/events:0
[78608627ms] [ERROR] Failed to load resource: net::ERR_CONNECTION_REFUSED @ http://localhost:3004/events:0
[78611633ms] [ERROR] Failed to load resource: net::ERR_CONNECTION_REFUSED @ http://localhost:3004/events:0
[78614639ms] [ERROR] Failed to load resource: net::ERR_CONNECTION_REFUSED @ http://localhost:3004/events:0
[78617645ms] [ERROR] Failed to load resource: net::ERR_CONNECTION_REFUSED @ http://localhost:3004/events:0
[78620652ms] [ERROR] Failed to load resource: net::ERR_CONNECTION_REFUSED @ http://localhost:3004/events:0
[78623658ms] [ERROR] Failed to load resource: net::ERR_CONNECTION_REFUSED @ http://localhost:3004/events:0
[78626665ms] [ERROR] Failed to load resource: net::ERR_CONNECTION_REFUSED @ http://localhost:3004/events:0
[78629671ms] [ERROR] Failed to load resource: net::ERR_CONNECTION_REFUSED @ http://localhost:3004/events:0
[78632677ms] [ERROR] Failed to load resource: net::ERR_CONNECTION_REFUSED @ http://localhost:3004/events:0
[78635679ms] [ERROR] Failed to load resource: net::ERR_CONNECTION_REFUSED @ http://localhost:3004/events:0
[78638683ms] [ERROR] Failed to load resource: net::ERR_CONNECTION_REFUSED @ http://localhost:3004/events:0
[78641689ms] [ERROR] Failed to load resource: net::ERR_CONNECTION_REFUSED @ http://localhost:3004/events:0
[78644693ms] [ERROR] Failed to load resource: net::ERR_CONNECTION_REFUSED @ http://localhost:3004/events:0
[78647698ms] [ERROR] Failed to load resource: net::ERR_CONNECTION_REFUSED @ http://localhost:3004/events:0
[78650702ms] [ERROR] Failed to load resource: net::ERR_CONNECTION_REFUSED @ http://localhost:3004/events:0
[78653706ms] [ERROR] Failed to load resource: net::ERR_CONNECTION_REFUSED @ http://localhost:3004/events:0
[78656712ms] [ERROR] Failed to load resource: net::ERR_CONNECTION_REFUSED @ http://localhost:3004/events:0
[78659717ms] [ERROR] Failed to load resource: net::ERR_CONNECTION_REFUSED @ http://localhost:3004/events:0
[78662723ms] [ERROR] Failed to load resource: net::ERR_CONNECTION_REFUSED @ http://localhost:3004/events:0
[78665731ms] [ERROR] Failed to load resource: net::ERR_CONNECTION_REFUSED @ http://localhost:3004/events:0
[78668734ms] [ERROR] Failed to load resource: net::ERR_CONNECTION_REFUSED @ http://localhost:3004/events:0
[78671740ms] [ERROR] Failed to load resource: net::ERR_CONNECTION_REFUSED @ http://localhost:3004/events:0
[78674746ms] [ERROR] Failed to load resource: net::ERR_CONNECTION_REFUSED @ http://localhost:3004/events:0
[78677752ms] [ERROR] Failed to load resource: net::ERR_CONNECTION_REFUSED @ http://localhost:3004/events:0
[78680757ms] [ERROR] Failed to load resource: net::ERR_CONNECTION_REFUSED @ http://localhost:3004/events:0
[78683759ms] [ERROR] Failed to load resource: net::ERR_CONNECTION_REFUSED @ http://localhost:3004/events:0
[78686767ms] [ERROR] Failed to load resource: net::ERR_CONNECTION_REFUSED @ http://localhost:3004/events:0
[78689773ms] [ERROR] Failed to load resource: net::ERR_CONNECTION_REFUSED @ http://localhost:3004/events:0
[78692778ms] [ERROR] Failed to load resource: net::ERR_CONNECTION_REFUSED @ http://localhost:3004/events:0
[78695784ms] [ERROR] Failed to load resource: net::ERR_CONNECTION_REFUSED @ http://localhost:3004/events:0
[78698787ms] [ERROR] Failed to load resource: net::ERR_CONNECTION_REFUSED @ http://localhost:3004/events:0
[78701794ms] [ERROR] Failed to load resource: net::ERR_CONNECTION_REFUSED @ http://localhost:3004/events:0
[78704800ms] [ERROR] Failed to load resource: net::ERR_CONNECTION_REFUSED @ http://localhost:3004/events:0
[78707805ms] [ERROR] Failed to load resource: net::ERR_CONNECTION_REFUSED @ http://localhost:3004/events:0
[78710809ms] [ERROR] Failed to load resource: net::ERR_CONNECTION_REFUSED @ http://localhost:3004/events:0
[78713813ms] [ERROR] Failed to load resource: net::ERR_CONNECTION_REFUSED @ http://localhost:3004/events:0
[78716820ms] [ERROR] Failed to load resource: net::ERR_CONNECTION_REFUSED @ http://localhost:3004/events:0
[78719825ms] [ERROR] Failed to load resource: net::ERR_CONNECTION_REFUSED @ http://localhost:3004/events:0
[78722831ms] [ERROR] Failed to load resource: net::ERR_CONNECTION_REFUSED @ http://localhost:3004/events:0
[78725837ms] [ERROR] Failed to load resource: net::ERR_CONNECTION_REFUSED @ http://localhost:3004/events:0
[78728841ms] [ERROR] Failed to load resource: net::ERR_CONNECTION_REFUSED @ http://localhost:3004/events:0
[78731847ms] [ERROR] Failed to load resource: net::ERR_CONNECTION_REFUSED @ http://localhost:3004/events:0
[78734853ms] [ERROR] Failed to load resource: net::ERR_CONNECTION_REFUSED @ http://localhost:3004/events:0
[78737859ms] [ERROR] Failed to load resource: net::ERR_CONNECTION_REFUSED @ http://localhost:3004/events:0
[78740864ms] [ERROR] Failed to load resource: net::ERR_CONNECTION_REFUSED @ http://localhost:3004/events:0
[78743868ms] [ERROR] Failed to load resource: net::ERR_CONNECTION_REFUSED @ http://localhost:3004/events:0
[78746874ms] [ERROR] Failed to load resource: net::ERR_CONNECTION_REFUSED @ http://localhost:3004/events:0
[78749877ms] [ERROR] Failed to load resource: net::ERR_CONNECTION_REFUSED @ http://localhost:3004/events:0
[78752882ms] [ERROR] Failed to load resource: net::ERR_CONNECTION_REFUSED @ http://localhost:3004/events:0
[78755888ms] [ERROR] Failed to load resource: net::ERR_CONNECTION_REFUSED @ http://localhost:3004/events:0
[78758891ms] [ERROR] Failed to load resource: net::ERR_CONNECTION_REFUSED @ http://localhost:3004/events:0
[78761895ms] [ERROR] Failed to load resource: net::ERR_CONNECTION_REFUSED @ http://localhost:3004/events:0
[78764902ms] [ERROR] Failed to load resource: net::ERR_CONNECTION_REFUSED @ http://localhost:3004/events:0
[78767908ms] [ERROR] Failed to load resource: net::ERR_CONNECTION_REFUSED @ http://localhost:3004/events:0
[78770915ms] [ERROR] Failed to load resource: net::ERR_CONNECTION_REFUSED @ http://localhost:3004/events:0
[78773918ms] [ERROR] Failed to load resource: net::ERR_CONNECTION_REFUSED @ http://localhost:3004/events:0
[78776925ms] [ERROR] Failed to load resource: net::ERR_CONNECTION_REFUSED @ http://localhost:3004/events:0
[78779931ms] [ERROR] Failed to load resource: net::ERR_CONNECTION_REFUSED @ http://localhost:3004/events:0
[78782937ms] [ERROR] Failed to load resource: net::ERR_CONNECTION_REFUSED @ http://localhost:3004/events:0
[78785942ms] [ERROR] Failed to load resource: net::ERR_CONNECTION_REFUSED @ http://localhost:3004/events:0
[78788946ms] [ERROR] Failed to load resource: net::ERR_CONNECTION_REFUSED @ http://localhost:3004/events:0
[78791953ms] [ERROR] Failed to load resource: net::ERR_CONNECTION_REFUSED @ http://localhost:3004/events:0
[78794959ms] [ERROR] Failed to load resource: net::ERR_CONNECTION_REFUSED @ http://localhost:3004/events:0
[78797966ms] [ERROR] Failed to load resource: net::ERR_CONNECTION_REFUSED @ http://localhost:3004/events:0
[78800972ms] [ERROR] Failed to load resource: net::ERR_CONNECTION_REFUSED @ http://localhost:3004/events:0
[78803979ms] [ERROR] Failed to load resource: net::ERR_CONNECTION_REFUSED @ http://localhost:3004/events:0
[78806985ms] [ERROR] Failed to load resource: net::ERR_CONNECTION_REFUSED @ http://localhost:3004/events:0
[78809991ms] [ERROR] Failed to load resource: net::ERR_CONNECTION_REFUSED @ http://localhost:3004/events:0
[78812997ms] [ERROR] Failed to load resource: net::ERR_CONNECTION_REFUSED @ http://localhost:3004/events:0
[78816003ms] [ERROR] Failed to load resource: net::ERR_CONNECTION_REFUSED @ http://localhost:3004/events:0
[78819005ms] [ERROR] Failed to load resource: net::ERR_CONNECTION_REFUSED @ http://localhost:3004/events:0
[78822012ms] [ERROR] Failed to load resource: net::ERR_CONNECTION_REFUSED @ http://localhost:3004/events:0
[78825019ms] [ERROR] Failed to load resource: net::ERR_CONNECTION_REFUSED @ http://localhost:3004/events:0
[78828023ms] [ERROR] Failed to load resource: net::ERR_CONNECTION_REFUSED @ http://localhost:3004/events:0
[78831026ms] [ERROR] Failed to load resource: net::ERR_CONNECTION_REFUSED @ http://localhost:3004/events:0
[78834032ms] [ERROR] Failed to load resource: net::ERR_CONNECTION_REFUSED @ http://localhost:3004/events:0
[78837037ms] [ERROR] Failed to load resource: net::ERR_CONNECTION_REFUSED @ http://localhost:3004/events:0
[78840044ms] [ERROR] Failed to load resource: net::ERR_CONNECTION_REFUSED @ http://localhost:3004/events:0
[78843048ms] [ERROR] Failed to load resource: net::ERR_CONNECTION_REFUSED @ http://localhost:3004/events:0
[78846054ms] [ERROR] Failed to load resource: net::ERR_CONNECTION_REFUSED @ http://localhost:3004/events:0
[78849058ms] [ERROR] Failed to load resource: net::ERR_CONNECTION_REFUSED @ http://localhost:3004/events:0
[78852065ms] [ERROR] Failed to load resource: net::ERR_CONNECTION_REFUSED @ http://localhost:3004/events:0
[78855071ms] [ERROR] Failed to load resource: net::ERR_CONNECTION_REFUSED @ http://localhost:3004/events:0
[78858076ms] [ERROR] Failed to load resource: net::ERR_CONNECTION_REFUSED @ http://localhost:3004/events:0
[78861081ms] [ERROR] Failed to load resource: net::ERR_CONNECTION_REFUSED @ http://localhost:3004/events:0
[78864087ms] [ERROR] Failed to load resource: net::ERR_CONNECTION_REFUSED @ http://localhost:3004/events:0
[78867093ms] [ERROR] Failed to load resource: net::ERR_CONNECTION_REFUSED @ http://localhost:3004/events:0
[78870098ms] [ERROR] Failed to load resource: net::ERR_CONNECTION_REFUSED @ http://localhost:3004/events:0
[78873104ms] [ERROR] Failed to load resource: net::ERR_CONNECTION_REFUSED @ http://localhost:3004/events:0
[78876110ms] [ERROR] Failed to load resource: net::ERR_CONNECTION_REFUSED @ http://localhost:3004/events:0
[78879116ms] [ERROR] Failed to load resource: net::ERR_CONNECTION_REFUSED @ http://localhost:3004/events:0
[78882120ms] [ERROR] Failed to load resource: net::ERR_CONNECTION_REFUSED @ http://localhost:3004/events:0
[78885124ms] [ERROR] Failed to load resource: net::ERR_CONNECTION_REFUSED @ http://localhost:3004/events:0
[78888129ms] [ERROR] Failed to load resource: net::ERR_CONNECTION_REFUSED @ http://localhost:3004/events:0
[78891135ms] [ERROR] Failed to load resource: net::ERR_CONNECTION_REFUSED @ http://localhost:3004/events:0
[78894143ms] [ERROR] Failed to load resource: net::ERR_CONNECTION_REFUSED @ http://localhost:3004/events:0
[78897147ms] [ERROR] Failed to load resource: net::ERR_CONNECTION_REFUSED @ http://localhost:3004/events:0
[78900154ms] [ERROR] Failed to load resource: net::ERR_CONNECTION_REFUSED @ http://localhost:3004/events:0
[78903159ms] [ERROR] Failed to load resource: net::ERR_CONNECTION_REFUSED @ http://localhost:3004/events:0
[78906166ms] [ERROR] Failed to load resource: net::ERR_CONNECTION_REFUSED @ http://localhost:3004/events:0
[78909173ms] [ERROR] Failed to load resource: net::ERR_CONNECTION_REFUSED @ http://localhost:3004/events:0
[78912178ms] [ERROR] Failed to load resource: net::ERR_CONNECTION_REFUSED @ http://localhost:3004/events:0
[78915182ms] [ERROR] Failed to load resource: net::ERR_CONNECTION_REFUSED @ http://localhost:3004/events:0
[78918190ms] [ERROR] Failed to load resource: net::ERR_CONNECTION_REFUSED @ http://localhost:3004/events:0
[78921194ms] [ERROR] Failed to load resource: net::ERR_CONNECTION_REFUSED @ http://localhost:3004/events:0
[78924200ms] [ERROR] Failed to load resource: net::ERR_CONNECTION_REFUSED @ http://localhost:3004/events:0
[78927206ms] [ERROR] Failed to load resource: net::ERR_CONNECTION_REFUSED @ http://localhost:3004/events:0
[78930212ms] [ERROR] Failed to load resource: net::ERR_CONNECTION_REFUSED @ http://localhost:3004/events:0
[78933217ms] [ERROR] Failed to load resource: net::ERR_CONNECTION_REFUSED @ http://localhost:3004/events:0
[78936223ms] [ERROR] Failed to load resource: net::ERR_CONNECTION_REFUSED @ http://localhost:3004/events:0
[78939228ms] [ERROR] Failed to load resource: net::ERR_CONNECTION_REFUSED @ http://localhost:3004/events:0
[78942234ms] [ERROR] Failed to load resource: net::ERR_CONNECTION_REFUSED @ http://localhost:3004/events:0
[78945238ms] [ERROR] Failed to load resource: net::ERR_CONNECTION_REFUSED @ http://localhost:3004/events:0
[78948244ms] [ERROR] Failed to load resource: net::ERR_CONNECTION_REFUSED @ http://localhost:3004/events:0
[78951249ms] [ERROR] Failed to load resource: net::ERR_CONNECTION_REFUSED @ http://localhost:3004/events:0
[78954256ms] [ERROR] Failed to load resource: net::ERR_CONNECTION_REFUSED @ http://localhost:3004/events:0
[78957262ms] [ERROR] Failed to load resource: net::ERR_CONNECTION_REFUSED @ http://localhost:3004/events:0
[78960267ms] [ERROR] Failed to load resource: net::ERR_CONNECTION_REFUSED @ http://localhost:3004/events:0
[78963272ms] [ERROR] Failed to load resource: net::ERR_CONNECTION_REFUSED @ http://localhost:3004/events:0
[78966276ms] [ERROR] Failed to load resource: net::ERR_CONNECTION_REFUSED @ http://localhost:3004/events:0
[78969279ms] [ERROR] Failed to load resource: net::ERR_CONNECTION_REFUSED @ http://localhost:3004/events:0
[78972286ms] [ERROR] Failed to load resource: net::ERR_CONNECTION_REFUSED @ http://localhost:3004/events:0
[78975292ms] [ERROR] Failed to load resource: net::ERR_CONNECTION_REFUSED @ http://localhost:3004/events:0
[78978305ms] [ERROR] Failed to load resource: net::ERR_CONNECTION_REFUSED @ http://localhost:3004/events:0
[78981308ms] [ERROR] Failed to load resource: net::ERR_CONNECTION_REFUSED @ http://localhost:3004/events:0
[78984313ms] [ERROR] Failed to load resource: net::ERR_CONNECTION_REFUSED @ http://localhost:3004/events:0
[78987319ms] [ERROR] Failed to load resource: net::ERR_CONNECTION_REFUSED @ http://localhost:3004/events:0
[78990324ms] [ERROR] Failed to load resource: net::ERR_CONNECTION_REFUSED @ http://localhost:3004/events:0
[78993330ms] [ERROR] Failed to load resource: net::ERR_CONNECTION_REFUSED @ http://localhost:3004/events:0
[78996336ms] [ERROR] Failed to load resource: net::ERR_CONNECTION_REFUSED @ http://localhost:3004/events:0
[78999342ms] [ERROR] Failed to load resource: net::ERR_CONNECTION_REFUSED @ http://localhost:3004/events:0
[79002348ms] [ERROR] Failed to load resource: net::ERR_CONNECTION_REFUSED @ http://localhost:3004/events:0
[79005352ms] [ERROR] Failed to load resource: net::ERR_CONNECTION_REFUSED @ http://localhost:3004/events:0
[79008356ms] [ERROR] Failed to load resource: net::ERR_CONNECTION_REFUSED @ http://localhost:3004/events:0
[79011363ms] [ERROR] Failed to load resource: net::ERR_CONNECTION_REFUSED @ http://localhost:3004/events:0
[79014369ms] [ERROR] Failed to load resource: net::ERR_CONNECTION_REFUSED @ http://localhost:3004/events:0
[79017375ms] [ERROR] Failed to load resource: net::ERR_CONNECTION_REFUSED @ http://localhost:3004/events:0
[79020380ms] [ERROR] Failed to load resource: net::ERR_CONNECTION_REFUSED @ http://localhost:3004/events:0
[79023384ms] [ERROR] Failed to load resource: net::ERR_CONNECTION_REFUSED @ http://localhost:3004/events:0
[79026388ms] [ERROR] Failed to load resource: net::ERR_CONNECTION_REFUSED @ http://localhost:3004/events:0
[79029393ms] [ERROR] Failed to load resource: net::ERR_CONNECTION_REFUSED @ http://localhost:3004/events:0
[79032396ms] [ERROR] Failed to load resource: net::ERR_CONNECTION_REFUSED @ http://localhost:3004/events:0
[79035401ms] [ERROR] Failed to load resource: net::ERR_CONNECTION_REFUSED @ http://localhost:3004/events:0
[79038409ms] [ERROR] Failed to load resource: net::ERR_CONNECTION_REFUSED @ http://localhost:3004/events:0
[79041414ms] [ERROR] Failed to load resource: net::ERR_CONNECTION_REFUSED @ http://localhost:3004/events:0
[79044420ms] [ERROR] Failed to load resource: net::ERR_CONNECTION_REFUSED @ http://localhost:3004/events:0
[79047426ms] [ERROR] Failed to load resource: net::ERR_CONNECTION_REFUSED @ http://localhost:3004/events:0
[79050432ms] [ERROR] Failed to load resource: net::ERR_CONNECTION_REFUSED @ http://localhost:3004/events:0
[79053438ms] [ERROR] Failed to load resource: net::ERR_CONNECTION_REFUSED @ http://localhost:3004/events:0
[79056443ms] [ERROR] Failed to load resource: net::ERR_CONNECTION_REFUSED @ http://localhost:3004/events:0
[79059448ms] [ERROR] Failed to load resource: net::ERR_CONNECTION_REFUSED @ http://localhost:3004/events:0
[79062452ms] [ERROR] Failed to load resource: net::ERR_CONNECTION_REFUSED @ http://localhost:3004/events:0
[79065459ms] [ERROR] Failed to load resource: net::ERR_CONNECTION_REFUSED @ http://localhost:3004/events:0
[79068465ms] [ERROR] Failed to load resource: net::ERR_CONNECTION_REFUSED @ http://localhost:3004/events:0
[79071471ms] [ERROR] Failed to load resource: net::ERR_CONNECTION_REFUSED @ http://localhost:3004/events:0
[79074476ms] [ERROR] Failed to load resource: net::ERR_CONNECTION_REFUSED @ http://localhost:3004/events:0
[79077481ms] [ERROR] Failed to load resource: net::ERR_CONNECTION_REFUSED @ http://localhost:3004/events:0
[79080487ms] [ERROR] Failed to load resource: net::ERR_CONNECTION_REFUSED @ http://localhost:3004/events:0
[79083493ms] [ERROR] Failed to load resource: net::ERR_CONNECTION_REFUSED @ http://localhost:3004/events:0
[79086498ms] [ERROR] Failed to load resource: net::ERR_CONNECTION_REFUSED @ http://localhost:3004/events:0
[79089505ms] [ERROR] Failed to load resource: net::ERR_CONNECTION_REFUSED @ http://localhost:3004/events:0
[79092511ms] [ERROR] Failed to load resource: net::ERR_CONNECTION_REFUSED @ http://localhost:3004/events:0
[79095516ms] [ERROR] Failed to load resource: net::ERR_CONNECTION_REFUSED @ http://localhost:3004/events:0
[79098523ms] [ERROR] Failed to load resource: net::ERR_CONNECTION_REFUSED @ http://localhost:3004/events:0
[79101528ms] [ERROR] Failed to load resource: net::ERR_CONNECTION_REFUSED @ http://localhost:3004/events:0
[79104533ms] [ERROR] Failed to load resource: net::ERR_CONNECTION_REFUSED @ http://localhost:3004/events:0
[79107537ms] [ERROR] Failed to load resource: net::ERR_CONNECTION_REFUSED @ http://localhost:3004/events:0
[79110541ms] [ERROR] Failed to load resource: net::ERR_CONNECTION_REFUSED @ http://localhost:3004/events:0
[79113546ms] [ERROR] Failed to load resource: net::ERR_CONNECTION_REFUSED @ http://localhost:3004/events:0
[79116552ms] [ERROR] Failed to load resource: net::ERR_CONNECTION_REFUSED @ http://localhost:3004/events:0
[79119560ms] [ERROR] Failed to load resource: net::ERR_CONNECTION_REFUSED @ http://localhost:3004/events:0
[79122565ms] [ERROR] Failed to load resource: net::ERR_CONNECTION_REFUSED @ http://localhost:3004/events:0
[79125572ms] [ERROR] Failed to load resource: net::ERR_CONNECTION_REFUSED @ http://localhost:3004/events:0
[79128576ms] [ERROR] Failed to load resource: net::ERR_CONNECTION_REFUSED @ http://localhost:3004/events:0
[79131582ms] [ERROR] Failed to load resource: net::ERR_CONNECTION_REFUSED @ http://localhost:3004/events:0
[79134584ms] [ERROR] Failed to load resource: net::ERR_CONNECTION_REFUSED @ http://localhost:3004/events:0
[79137591ms] [ERROR] Failed to load resource: net::ERR_CONNECTION_REFUSED @ http://localhost:3004/events:0
[79140596ms] [ERROR] Failed to load resource: net::ERR_CONNECTION_REFUSED @ http://localhost:3004/events:0
[79143602ms] [ERROR] Failed to load resource: net::ERR_CONNECTION_REFUSED @ http://localhost:3004/events:0
[79146607ms] [ERROR] Failed to load resource: net::ERR_CONNECTION_REFUSED @ http://localhost:3004/events:0
[79149613ms] [ERROR] Failed to load resource: net::ERR_CONNECTION_REFUSED @ http://localhost:3004/events:0
[79152624ms] [ERROR] Failed to load resource: net::ERR_CONNECTION_REFUSED @ http://localhost:3004/events:0
[79155631ms] [ERROR] Failed to load resource: net::ERR_CONNECTION_REFUSED @ http://localhost:3004/events:0
[79158636ms] [ERROR] Failed to load resource: net::ERR_CONNECTION_REFUSED @ http://localhost:3004/events:0
[79161640ms] [ERROR] Failed to load resource: net::ERR_CONNECTION_REFUSED @ http://localhost:3004/events:0
[79164645ms] [ERROR] Failed to load resource: net::ERR_CONNECTION_REFUSED @ http://localhost:3004/events:0
[79167651ms] [ERROR] Failed to load resource: net::ERR_CONNECTION_REFUSED @ http://localhost:3004/events:0
[79170657ms] [ERROR] Failed to load resource: net::ERR_CONNECTION_REFUSED @ http://localhost:3004/events:0
[79173662ms] [ERROR] Failed to load resource: net::ERR_CONNECTION_REFUSED @ http://localhost:3004/events:0
[79176669ms] [ERROR] Failed to load resource: net::ERR_CONNECTION_REFUSED @ http://localhost:3004/events:0
[79179676ms] [ERROR] Failed to load resource: net::ERR_CONNECTION_REFUSED @ http://localhost:3004/events:0
[79182679ms] [ERROR] Failed to load resource: net::ERR_CONNECTION_REFUSED @ http://localhost:3004/events:0
[79185683ms] [ERROR] Failed to load resource: net::ERR_CONNECTION_REFUSED @ http://localhost:3004/events:0
[79188689ms] [ERROR] Failed to load resource: net::ERR_CONNECTION_REFUSED @ http://localhost:3004/events:0
[79191695ms] [ERROR] Failed to load resource: net::ERR_CONNECTION_REFUSED @ http://localhost:3004/events:0
[79194700ms] [ERROR] Failed to load resource: net::ERR_CONNECTION_REFUSED @ http://localhost:3004/events:0
[79197706ms] [ERROR] Failed to load resource: net::ERR_CONNECTION_REFUSED @ http://localhost:3004/events:0
[79200713ms] [ERROR] Failed to load resource: net::ERR_CONNECTION_REFUSED @ http://localhost:3004/events:0
[79203717ms] [ERROR] Failed to load resource: net::ERR_CONNECTION_REFUSED @ http://localhost:3004/events:0
[79206723ms] [ERROR] Failed to load resource: net::ERR_CONNECTION_REFUSED @ http://localhost:3004/events:0
[79209729ms] [ERROR] Failed to load resource: net::ERR_CONNECTION_REFUSED @ http://localhost:3004/events:0
[79212735ms] [ERROR] Failed to load resource: net::ERR_CONNECTION_REFUSED @ http://localhost:3004/events:0
[79215741ms] [ERROR] Failed to load resource: net::ERR_CONNECTION_REFUSED @ http://localhost:3004/events:0
[79218747ms] [ERROR] Failed to load resource: net::ERR_CONNECTION_REFUSED @ http://localhost:3004/events:0
[79221753ms] [ERROR] Failed to load resource: net::ERR_CONNECTION_REFUSED @ http://localhost:3004/events:0
[79224757ms] [ERROR] Failed to load resource: net::ERR_CONNECTION_REFUSED @ http://localhost:3004/events:0
[79227763ms] [ERROR] Failed to load resource: net::ERR_CONNECTION_REFUSED @ http://localhost:3004/events:0
[79230769ms] [ERROR] Failed to load resource: net::ERR_CONNECTION_REFUSED @ http://localhost:3004/events:0
[79233775ms] [ERROR] Failed to load resource: net::ERR_CONNECTION_REFUSED @ http://localhost:3004/events:0
[79236778ms] [ERROR] Failed to load resource: net::ERR_CONNECTION_REFUSED @ http://localhost:3004/events:0
[79239783ms] [ERROR] Failed to load resource: net::ERR_CONNECTION_REFUSED @ http://localhost:3004/events:0
[79242788ms] [ERROR] Failed to load resource: net::ERR_CONNECTION_REFUSED @ http://localhost:3004/events:0
[79245794ms] [ERROR] Failed to load resource: net::ERR_CONNECTION_REFUSED @ http://localhost:3004/events:0
[79248800ms] [ERROR] Failed to load resource: net::ERR_CONNECTION_REFUSED @ http://localhost:3004/events:0
[79251806ms] [ERROR] Failed to load resource: net::ERR_CONNECTION_REFUSED @ http://localhost:3004/events:0
[79254810ms] [ERROR] Failed to load resource: net::ERR_CONNECTION_REFUSED @ http://localhost:3004/events:0
[79257816ms] [ERROR] Failed to load resource: net::ERR_CONNECTION_REFUSED @ http://localhost:3004/events:0
[79260822ms] [ERROR] Failed to load resource: net::ERR_CONNECTION_REFUSED @ http://localhost:3004/events:0
[79263827ms] [ERROR] Failed to load resource: net::ERR_CONNECTION_REFUSED @ http://localhost:3004/events:0
[79266832ms] [ERROR] Failed to load resource: net::ERR_CONNECTION_REFUSED @ http://localhost:3004/events:0
[79269838ms] [ERROR] Failed to load resource: net::ERR_CONNECTION_REFUSED @ http://localhost:3004/events:0
[79272843ms] [ERROR] Failed to load resource: net::ERR_CONNECTION_REFUSED @ http://localhost:3004/events:0
[79275849ms] [ERROR] Failed to load resource: net::ERR_CONNECTION_REFUSED @ http://localhost:3004/events:0
[79278856ms] [ERROR] Failed to load resource: net::ERR_CONNECTION_REFUSED @ http://localhost:3004/events:0
[79281861ms] [ERROR] Failed to load resource: net::ERR_CONNECTION_REFUSED @ http://localhost:3004/events:0
[79284866ms] [ERROR] Failed to load resource: net::ERR_CONNECTION_REFUSED @ http://localhost:3004/events:0
[79287870ms] [ERROR] Failed to load resource: net::ERR_CONNECTION_REFUSED @ http://localhost:3004/events:0
[79290875ms] [ERROR] Failed to load resource: net::ERR_CONNECTION_REFUSED @ http://localhost:3004/events:0
[79293879ms] [ERROR] Failed to load resource: net::ERR_CONNECTION_REFUSED @ http://localhost:3004/events:0
[79296884ms] [ERROR] Failed to load resource: net::ERR_CONNECTION_REFUSED @ http://localhost:3004/events:0
[79299892ms] [ERROR] Failed to load resource: net::ERR_CONNECTION_REFUSED @ http://localhost:3004/events:0
[79302897ms] [ERROR] Failed to load resource: net::ERR_CONNECTION_REFUSED @ http://localhost:3004/events:0
[79305905ms] [ERROR] Failed to load resource: net::ERR_CONNECTION_REFUSED @ http://localhost:3004/events:0
[79308911ms] [ERROR] Failed to load resource: net::ERR_CONNECTION_REFUSED @ http://localhost:3004/events:0
[79311917ms] [ERROR] Failed to load resource: net::ERR_CONNECTION_REFUSED @ http://localhost:3004/events:0
[79314922ms] [ERROR] Failed to load resource: net::ERR_CONNECTION_REFUSED @ http://localhost:3004/events:0
[79317926ms] [ERROR] Failed to load resource: net::ERR_CONNECTION_REFUSED @ http://localhost:3004/events:0
[79320931ms] [ERROR] Failed to load resource: net::ERR_CONNECTION_REFUSED @ http://localhost:3004/events:0
[79323936ms] [ERROR] Failed to load resource: net::ERR_CONNECTION_REFUSED @ http://localhost:3004/events:0
[79326941ms] [ERROR] Failed to load resource: net::ERR_CONNECTION_REFUSED @ http://localhost:3004/events:0
[79329948ms] [ERROR] Failed to load resource: net::ERR_CONNECTION_REFUSED @ http://localhost:3004/events:0
[79332953ms] [ERROR] Failed to load resource: net::ERR_CONNECTION_REFUSED @ http://localhost:3004/events:0
[79335960ms] [ERROR] Failed to load resource: net::ERR_CONNECTION_REFUSED @ http://localhost:3004/events:0
[79338964ms] [ERROR] Failed to load resource: net::ERR_CONNECTION_REFUSED @ http://localhost:3004/events:0
[79341968ms] [ERROR] Failed to load resource: net::ERR_CONNECTION_REFUSED @ http://localhost:3004/events:0
[79344973ms] [ERROR] Failed to load resource: net::ERR_CONNECTION_REFUSED @ http://localhost:3004/events:0
[79347976ms] [ERROR] Failed to load resource: net::ERR_CONNECTION_REFUSED @ http://localhost:3004/events:0
[79350982ms] [ERROR] Failed to load resource: net::ERR_CONNECTION_REFUSED @ http://localhost:3004/events:0
[79353985ms] [ERROR] Failed to load resource: net::ERR_CONNECTION_REFUSED @ http://localhost:3004/events:0
[79356990ms] [ERROR] Failed to load resource: net::ERR_CONNECTION_REFUSED @ http://localhost:3004/events:0
[79359996ms] [ERROR] Failed to load resource: net::ERR_CONNECTION_REFUSED @ http://localhost:3004/events:0
[79362999ms] [ERROR] Failed to load resource: net::ERR_CONNECTION_REFUSED @ http://localhost:3004/events:0
[79366005ms] [ERROR] Failed to load resource: net::ERR_CONNECTION_REFUSED @ http://localhost:3004/events:0
[79369008ms] [ERROR] Failed to load resource: net::ERR_CONNECTION_REFUSED @ http://localhost:3004/events:0
[79372014ms] [ERROR] Failed to load resource: net::ERR_CONNECTION_REFUSED @ http://localhost:3004/events:0
[79375019ms] [ERROR] Failed to load resource: net::ERR_CONNECTION_REFUSED @ http://localhost:3004/events:0
[79378024ms] [ERROR] Failed to load resource: net::ERR_CONNECTION_REFUSED @ http://localhost:3004/events:0
[79381030ms] [ERROR] Failed to load resource: net::ERR_CONNECTION_REFUSED @ http://localhost:3004/events:0
[79384033ms] [ERROR] Failed to load resource: net::ERR_CONNECTION_REFUSED @ http://localhost:3004/events:0
[79387039ms] [ERROR] Failed to load resource: net::ERR_CONNECTION_REFUSED @ http://localhost:3004/events:0
[79390046ms] [ERROR] Failed to load resource: net::ERR_CONNECTION_REFUSED @ http://localhost:3004/events:0
[79393051ms] [ERROR] Failed to load resource: net::ERR_CONNECTION_REFUSED @ http://localhost:3004/events:0
[79396058ms] [ERROR] Failed to load resource: net::ERR_CONNECTION_REFUSED @ http://localhost:3004/events:0
[79399061ms] [ERROR] Failed to load resource: net::ERR_CONNECTION_REFUSED @ http://localhost:3004/events:0
[79402066ms] [ERROR] Failed to load resource: net::ERR_CONNECTION_REFUSED @ http://localhost:3004/events:0
[79405071ms] [ERROR] Failed to load resource: net::ERR_CONNECTION_REFUSED @ http://localhost:3004/events:0
[79408073ms] [ERROR] Failed to load resource: net::ERR_CONNECTION_REFUSED @ http://localhost:3004/events:0
[79411078ms] [ERROR] Failed to load resource: net::ERR_CONNECTION_REFUSED @ http://localhost:3004/events:0
[79414081ms] [ERROR] Failed to load resource: net::ERR_CONNECTION_REFUSED @ http://localhost:3004/events:0
[79417087ms] [ERROR] Failed to load resource: net::ERR_CONNECTION_REFUSED @ http://localhost:3004/events:0
[79420092ms] [ERROR] Failed to load resource: net::ERR_CONNECTION_REFUSED @ http://localhost:3004/events:0
[79423096ms] [ERROR] Failed to load resource: net::ERR_CONNECTION_REFUSED @ http://localhost:3004/events:0
[79426102ms] [ERROR] Failed to load resource: net::ERR_CONNECTION_REFUSED @ http://localhost:3004/events:0
[79429106ms] [ERROR] Failed to load resource: net::ERR_CONNECTION_REFUSED @ http://localhost:3004/events:0
[79432112ms] [ERROR] Failed to load resource: net::ERR_CONNECTION_REFUSED @ http://localhost:3004/events:0
[79435118ms] [ERROR] Failed to load resource: net::ERR_CONNECTION_REFUSED @ http://localhost:3004/events:0
[79438122ms] [ERROR] Failed to load resource: net::ERR_CONNECTION_REFUSED @ http://localhost:3004/events:0
[79441127ms] [ERROR] Failed to load resource: net::ERR_CONNECTION_REFUSED @ http://localhost:3004/events:0
[79444132ms] [ERROR] Failed to load resource: net::ERR_CONNECTION_REFUSED @ http://localhost:3004/events:0
[79447138ms] [ERROR] Failed to load resource: net::ERR_CONNECTION_REFUSED @ http://localhost:3004/events:0
[79450143ms] [ERROR] Failed to load resource: net::ERR_CONNECTION_REFUSED @ http://localhost:3004/events:0
[79453149ms] [ERROR] Failed to load resource: net::ERR_CONNECTION_REFUSED @ http://localhost:3004/events:0
[79456153ms] [ERROR] Failed to load resource: net::ERR_CONNECTION_REFUSED @ http://localhost:3004/events:0
[79459157ms] [ERROR] Failed to load resource: net::ERR_CONNECTION_REFUSED @ http://localhost:3004/events:0
[79462163ms] [ERROR] Failed to load resource: net::ERR_CONNECTION_REFUSED @ http://localhost:3004/events:0
[79465169ms] [ERROR] Failed to load resource: net::ERR_CONNECTION_REFUSED @ http://localhost:3004/events:0
[79468170ms] [ERROR] Failed to load resource: net::ERR_CONNECTION_REFUSED @ http://localhost:3004/events:0
[79471174ms] [ERROR] Failed to load resource: net::ERR_CONNECTION_REFUSED @ http://localhost:3004/events:0
[79474176ms] [ERROR] Failed to load resource: net::ERR_CONNECTION_REFUSED @ http://localhost:3004/events:0
[79477182ms] [ERROR] Failed to load resource: net::ERR_CONNECTION_REFUSED @ http://localhost:3004/events:0
[79480186ms] [ERROR] Failed to load resource: net::ERR_CONNECTION_REFUSED @ http://localhost:3004/events:0
[79483192ms] [ERROR] Failed to load resource: net::ERR_CONNECTION_REFUSED @ http://localhost:3004/events:0
[79486198ms] [ERROR] Failed to load resource: net::ERR_CONNECTION_REFUSED @ http://localhost:3004/events:0
[79489201ms] [ERROR] Failed to load resource: net::ERR_CONNECTION_REFUSED @ http://localhost:3004/events:0
[79492207ms] [ERROR] Failed to load resource: net::ERR_CONNECTION_REFUSED @ http://localhost:3004/events:0
[79495213ms] [ERROR] Failed to load resource: net::ERR_CONNECTION_REFUSED @ http://localhost:3004/events:0
[79498217ms] [ERROR] Failed to load resource: net::ERR_CONNECTION_REFUSED @ http://localhost:3004/events:0
[79501224ms] [ERROR] Failed to load resource: net::ERR_CONNECTION_REFUSED @ http://localhost:3004/events:0
[79504227ms] [ERROR] Failed to load resource: net::ERR_CONNECTION_REFUSED @ http://localhost:3004/events:0
[79507234ms] [ERROR] Failed to load resource: net::ERR_CONNECTION_REFUSED @ http://localhost:3004/events:0
[79510239ms] [ERROR] Failed to load resource: net::ERR_CONNECTION_REFUSED @ http://localhost:3004/events:0
[79513244ms] [ERROR] Failed to load resource: net::ERR_CONNECTION_REFUSED @ http://localhost:3004/events:0
[79516250ms] [ERROR] Failed to load resource: net::ERR_CONNECTION_REFUSED @ http://localhost:3004/events:0
[79519254ms] [ERROR] Failed to load resource: net::ERR_CONNECTION_REFUSED @ http://localhost:3004/events:0
[79522260ms] [ERROR] Failed to load resource: net::ERR_CONNECTION_REFUSED @ http://localhost:3004/events:0
[79525264ms] [ERROR] Failed to load resource: net::ERR_CONNECTION_REFUSED @ http://localhost:3004/events:0
[79528271ms] [ERROR] Failed to load resource: net::ERR_CONNECTION_REFUSED @ http://localhost:3004/events:0
[79531275ms] [ERROR] Failed to load resource: net::ERR_CONNECTION_REFUSED @ http://localhost:3004/events:0
[79534277ms] [ERROR] Failed to load resource: net::ERR_CONNECTION_REFUSED @ http://localhost:3004/events:0
[79537283ms] [ERROR] Failed to load resource: net::ERR_CONNECTION_REFUSED @ http://localhost:3004/events:0
[79540289ms] [ERROR] Failed to load resource: net::ERR_CONNECTION_REFUSED @ http://localhost:3004/events:0
[79543294ms] [ERROR] Failed to load resource: net::ERR_CONNECTION_REFUSED @ http://localhost:3004/events:0
[79546302ms] [ERROR] Failed to load resource: net::ERR_CONNECTION_REFUSED @ http://localhost:3004/events:0
[79549309ms] [ERROR] Failed to load resource: net::ERR_CONNECTION_REFUSED @ http://localhost:3004/events:0
[79552314ms] [ERROR] Failed to load resource: net::ERR_CONNECTION_REFUSED @ http://localhost:3004/events:0
[79555320ms] [ERROR] Failed to load resource: net::ERR_CONNECTION_REFUSED @ http://localhost:3004/events:0
[79558325ms] [ERROR] Failed to load resource: net::ERR_CONNECTION_REFUSED @ http://localhost:3004/events:0
[79561328ms] [ERROR] Failed to load resource: net::ERR_CONNECTION_REFUSED @ http://localhost:3004/events:0
[79564333ms] [ERROR] Failed to load resource: net::ERR_CONNECTION_REFUSED @ http://localhost:3004/events:0
[79567339ms] [ERROR] Failed to load resource: net::ERR_CONNECTION_REFUSED @ http://localhost:3004/events:0
[79570346ms] [ERROR] Failed to load resource: net::ERR_CONNECTION_REFUSED @ http://localhost:3004/events:0
[79573351ms] [ERROR] Failed to load resource: net::ERR_CONNECTION_REFUSED @ http://localhost:3004/events:0
[79576356ms] [ERROR] Failed to load resource: net::ERR_CONNECTION_REFUSED @ http://localhost:3004/events:0
[79579361ms] [ERROR] Failed to load resource: net::ERR_CONNECTION_REFUSED @ http://localhost:3004/events:0
[79582368ms] [ERROR] Failed to load resource: net::ERR_CONNECTION_REFUSED @ http://localhost:3004/events:0
[79585374ms] [ERROR] Failed to load resource: net::ERR_CONNECTION_REFUSED @ http://localhost:3004/events:0
[79588379ms] [ERROR] Failed to load resource: net::ERR_CONNECTION_REFUSED @ http://localhost:3004/events:0
[79591384ms] [ERROR] Failed to load resource: net::ERR_CONNECTION_REFUSED @ http://localhost:3004/events:0
[79594390ms] [ERROR] Failed to load resource: net::ERR_CONNECTION_REFUSED @ http://localhost:3004/events:0
[79597396ms] [ERROR] Failed to load resource: net::ERR_CONNECTION_REFUSED @ http://localhost:3004/events:0
[79600402ms] [ERROR] Failed to load resource: net::ERR_CONNECTION_REFUSED @ http://localhost:3004/events:0
[79603408ms] [ERROR] Failed to load resource: net::ERR_CONNECTION_REFUSED @ http://localhost:3004/events:0
[79606414ms] [ERROR] Failed to load resource: net::ERR_CONNECTION_REFUSED @ http://localhost:3004/events:0
[79609419ms] [ERROR] Failed to load resource: net::ERR_CONNECTION_REFUSED @ http://localhost:3004/events:0
[79612425ms] [ERROR] Failed to load resource: net::ERR_CONNECTION_REFUSED @ http://localhost:3004/events:0
[79615429ms] [ERROR] Failed to load resource: net::ERR_CONNECTION_REFUSED @ http://localhost:3004/events:0
[79618435ms] [ERROR] Failed to load resource: net::ERR_CONNECTION_REFUSED @ http://localhost:3004/events:0
[79621442ms] [ERROR] Failed to load resource: net::ERR_CONNECTION_REFUSED @ http://localhost:3004/events:0
[79624446ms] [ERROR] Failed to load resource: net::ERR_CONNECTION_REFUSED @ http://localhost:3004/events:0
[79627453ms] [ERROR] Failed to load resource: net::ERR_CONNECTION_REFUSED @ http://localhost:3004/events:0
[79630459ms] [ERROR] Failed to load resource: net::ERR_CONNECTION_REFUSED @ http://localhost:3004/events:0
[79633467ms] [ERROR] Failed to load resource: net::ERR_CONNECTION_REFUSED @ http://localhost:3004/events:0
[79636473ms] [ERROR] Failed to load resource: net::ERR_CONNECTION_REFUSED @ http://localhost:3004/events:0
[79639477ms] [ERROR] Failed to load resource: net::ERR_CONNECTION_REFUSED @ http://localhost:3004/events:0
[79642483ms] [ERROR] Failed to load resource: net::ERR_CONNECTION_REFUSED @ http://localhost:3004/events:0
[79645489ms] [ERROR] Failed to load resource: net::ERR_CONNECTION_REFUSED @ http://localhost:3004/events:0
[79648495ms] [ERROR] Failed to load resource: net::ERR_CONNECTION_REFUSED @ http://localhost:3004/events:0
[79651502ms] [ERROR] Failed to load resource: net::ERR_CONNECTION_REFUSED @ http://localhost:3004/events:0
[79654508ms] [ERROR] Failed to load resource: net::ERR_CONNECTION_REFUSED @ http://localhost:3004/events:0
[79657512ms] [ERROR] Failed to load resource: net::ERR_CONNECTION_REFUSED @ http://localhost:3004/events:0
[79660518ms] [ERROR] Failed to load resource: net::ERR_CONNECTION_REFUSED @ http://localhost:3004/events:0
[79663524ms] [ERROR] Failed to load resource: net::ERR_CONNECTION_REFUSED @ http://localhost:3004/events:0
[79666530ms] [ERROR] Failed to load resource: net::ERR_CONNECTION_REFUSED @ http://localhost:3004/events:0
[79669534ms] [ERROR] Failed to load resource: net::ERR_CONNECTION_REFUSED @ http://localhost:3004/events:0
[79672540ms] [ERROR] Failed to load resource: net::ERR_CONNECTION_REFUSED @ http://localhost:3004/events:0
[79675545ms] [ERROR] Failed to load resource: net::ERR_CONNECTION_REFUSED @ http://localhost:3004/events:0
[79678551ms] [ERROR] Failed to load resource: net::ERR_CONNECTION_REFUSED @ http://localhost:3004/events:0
[79681556ms] [ERROR] Failed to load resource: net::ERR_CONNECTION_REFUSED @ http://localhost:3004/events:0
[79684559ms] [ERROR] Failed to load resource: net::ERR_CONNECTION_REFUSED @ http://localhost:3004/events:0
[79687566ms] [ERROR] Failed to load resource: net::ERR_CONNECTION_REFUSED @ http://localhost:3004/events:0
[79690571ms] [ERROR] Failed to load resource: net::ERR_CONNECTION_REFUSED @ http://localhost:3004/events:0
[79693578ms] [ERROR] Failed to load resource: net::ERR_CONNECTION_REFUSED @ http://localhost:3004/events:0
[79696582ms] [ERROR] Failed to load resource: net::ERR_CONNECTION_REFUSED @ http://localhost:3004/events:0
[79699588ms] [ERROR] Failed to load resource: net::ERR_CONNECTION_REFUSED @ http://localhost:3004/events:0
[79702594ms] [ERROR] Failed to load resource: net::ERR_CONNECTION_REFUSED @ http://localhost:3004/events:0
[79705598ms] [ERROR] Failed to load resource: net::ERR_CONNECTION_REFUSED @ http://localhost:3004/events:0
[79708604ms] [ERROR] Failed to load resource: net::ERR_CONNECTION_REFUSED @ http://localhost:3004/events:0
[79711608ms] [ERROR] Failed to load resource: net::ERR_CONNECTION_REFUSED @ http://localhost:3004/events:0
[79714614ms] [ERROR] Failed to load resource: net::ERR_CONNECTION_REFUSED @ http://localhost:3004/events:0
[79717620ms] [ERROR] Failed to load resource: net::ERR_CONNECTION_REFUSED @ http://localhost:3004/events:0
[79720631ms] [ERROR] Failed to load resource: net::ERR_CONNECTION_REFUSED @ http://localhost:3004/events:0
[79723637ms] [ERROR] Failed to load resource: net::ERR_CONNECTION_REFUSED @ http://localhost:3004/events:0
[79726643ms] [ERROR] Failed to load resource: net::ERR_CONNECTION_REFUSED @ http://localhost:3004/events:0
[79729648ms] [ERROR] Failed to load resource: net::ERR_CONNECTION_REFUSED @ http://localhost:3004/events:0
[79732654ms] [ERROR] Failed to load resource: net::ERR_CONNECTION_REFUSED @ http://localhost:3004/events:0
[79735658ms] [ERROR] Failed to load resource: net::ERR_CONNECTION_REFUSED @ http://localhost:3004/events:0
[79738664ms] [ERROR] Failed to load resource: net::ERR_CONNECTION_REFUSED @ http://localhost:3004/events:0
[79741670ms] [ERROR] Failed to load resource: net::ERR_CONNECTION_REFUSED @ http://localhost:3004/events:0
[79744674ms] [ERROR] Failed to load resource: net::ERR_CONNECTION_REFUSED @ http://localhost:3004/events:0
[79747680ms] [ERROR] Failed to load resource: net::ERR_CONNECTION_REFUSED @ http://localhost:3004/events:0
[79750685ms] [ERROR] Failed to load resource: net::ERR_CONNECTION_REFUSED @ http://localhost:3004/events:0
[79753690ms] [ERROR] Failed to load resource: net::ERR_CONNECTION_REFUSED @ http://localhost:3004/events:0
[79756695ms] [ERROR] Failed to load resource: net::ERR_CONNECTION_REFUSED @ http://localhost:3004/events:0
[79759701ms] [ERROR] Failed to load resource: net::ERR_CONNECTION_REFUSED @ http://localhost:3004/events:0
[79762707ms] [ERROR] Failed to load resource: net::ERR_CONNECTION_REFUSED @ http://localhost:3004/events:0
[79765712ms] [ERROR] Failed to load resource: net::ERR_CONNECTION_REFUSED @ http://localhost:3004/events:0
[79768718ms] [ERROR] Failed to load resource: net::ERR_CONNECTION_REFUSED @ http://localhost:3004/events:0
[79771724ms] [ERROR] Failed to load resource: net::ERR_CONNECTION_REFUSED @ http://localhost:3004/events:0
[79774731ms] [ERROR] Failed to load resource: net::ERR_CONNECTION_REFUSED @ http://localhost:3004/events:0
[79777737ms] [ERROR] Failed to load resource: net::ERR_CONNECTION_REFUSED @ http://localhost:3004/events:0
[79780740ms] [ERROR] Failed to load resource: net::ERR_CONNECTION_REFUSED @ http://localhost:3004/events:0
[79783746ms] [ERROR] Failed to load resource: net::ERR_CONNECTION_REFUSED @ http://localhost:3004/events:0
[79786749ms] [ERROR] Failed to load resource: net::ERR_CONNECTION_REFUSED @ http://localhost:3004/events:0
[79789755ms] [ERROR] Failed to load resource: net::ERR_CONNECTION_REFUSED @ http://localhost:3004/events:0
[79792761ms] [ERROR] Failed to load resource: net::ERR_CONNECTION_REFUSED @ http://localhost:3004/events:0
[79795767ms] [ERROR] Failed to load resource: net::ERR_CONNECTION_REFUSED @ http://localhost:3004/events:0
[79798773ms] [ERROR] Failed to load resource: net::ERR_CONNECTION_REFUSED @ http://localhost:3004/events:0
[79801777ms] [ERROR] Failed to load resource: net::ERR_CONNECTION_REFUSED @ http://localhost:3004/events:0
[79804783ms] [ERROR] Failed to load resource: net::ERR_CONNECTION_REFUSED @ http://localhost:3004/events:0
[79807788ms] [ERROR] Failed to load resource: net::ERR_CONNECTION_REFUSED @ http://localhost:3004/events:0
[79810793ms] [ERROR] Failed to load resource: net::ERR_CONNECTION_REFUSED @ http://localhost:3004/events:0
[79813800ms] [ERROR] Failed to load resource: net::ERR_CONNECTION_REFUSED @ http://localhost:3004/events:0
[79816805ms] [ERROR] Failed to load resource: net::ERR_CONNECTION_REFUSED @ http://localhost:3004/events:0
[79819811ms] [ERROR] Failed to load resource: net::ERR_CONNECTION_REFUSED @ http://localhost:3004/events:0
[79822817ms] [ERROR] Failed to load resource: net::ERR_CONNECTION_REFUSED @ http://localhost:3004/events:0
[79825823ms] [ERROR] Failed to load resource: net::ERR_CONNECTION_REFUSED @ http://localhost:3004/events:0
[79828829ms] [ERROR] Failed to load resource: net::ERR_CONNECTION_REFUSED @ http://localhost:3004/events:0
[79831831ms] [ERROR] Failed to load resource: net::ERR_CONNECTION_REFUSED @ http://localhost:3004/events:0
[79834838ms] [ERROR] Failed to load resource: net::ERR_CONNECTION_REFUSED @ http://localhost:3004/events:0
[79837845ms] [ERROR] Failed to load resource: net::ERR_CONNECTION_REFUSED @ http://localhost:3004/events:0
[79840850ms] [ERROR] Failed to load resource: net::ERR_CONNECTION_REFUSED @ http://localhost:3004/events:0
[79843855ms] [ERROR] Failed to load resource: net::ERR_CONNECTION_REFUSED @ http://localhost:3004/events:0
[79846860ms] [ERROR] Failed to load resource: net::ERR_CONNECTION_REFUSED @ http://localhost:3004/events:0
[79849866ms] [ERROR] Failed to load resource: net::ERR_CONNECTION_REFUSED @ http://localhost:3004/events:0
[79852872ms] [ERROR] Failed to load resource: net::ERR_CONNECTION_REFUSED @ http://localhost:3004/events:0
[79855876ms] [ERROR] Failed to load resource: net::ERR_CONNECTION_REFUSED @ http://localhost:3004/events:0
[79858881ms] [ERROR] Failed to load resource: net::ERR_CONNECTION_REFUSED @ http://localhost:3004/events:0
[79861886ms] [ERROR] Failed to load resource: net::ERR_CONNECTION_REFUSED @ http://localhost:3004/events:0
[79864892ms] [ERROR] Failed to load resource: net::ERR_CONNECTION_REFUSED @ http://localhost:3004/events:0
[79867898ms] [ERROR] Failed to load resource: net::ERR_CONNECTION_REFUSED @ http://localhost:3004/events:0
[79870903ms] [ERROR] Failed to load resource: net::ERR_CONNECTION_REFUSED @ http://localhost:3004/events:0
[79873910ms] [ERROR] Failed to load resource: net::ERR_CONNECTION_REFUSED @ http://localhost:3004/events:0
[79876915ms] [ERROR] Failed to load resource: net::ERR_CONNECTION_REFUSED @ http://localhost:3004/events:0
[79879919ms] [ERROR] Failed to load resource: net::ERR_CONNECTION_REFUSED @ http://localhost:3004/events:0
[79882921ms] [ERROR] Failed to load resource: net::ERR_CONNECTION_REFUSED @ http://localhost:3004/events:0
[79885928ms] [ERROR] Failed to load resource: net::ERR_CONNECTION_REFUSED @ http://localhost:3004/events:0
[79888935ms] [ERROR] Failed to load resource: net::ERR_CONNECTION_REFUSED @ http://localhost:3004/events:0
[79891940ms] [ERROR] Failed to load resource: net::ERR_CONNECTION_REFUSED @ http://localhost:3004/events:0
[79894946ms] [ERROR] Failed to load resource: net::ERR_CONNECTION_REFUSED @ http://localhost:3004/events:0
[79897952ms] [ERROR] Failed to load resource: net::ERR_CONNECTION_REFUSED @ http://localhost:3004/events:0
[79900958ms] [ERROR] Failed to load resource: net::ERR_CONNECTION_REFUSED @ http://localhost:3004/events:0
[79903962ms] [ERROR] Failed to load resource: net::ERR_CONNECTION_REFUSED @ http://localhost:3004/events:0
[79906969ms] [ERROR] Failed to load resource: net::ERR_CONNECTION_REFUSED @ http://localhost:3004/events:0
[79909974ms] [ERROR] Failed to load resource: net::ERR_CONNECTION_REFUSED @ http://localhost:3004/events:0
[79912977ms] [ERROR] Failed to load resource: net::ERR_CONNECTION_REFUSED @ http://localhost:3004/events:0
[79915981ms] [ERROR] Failed to load resource: net::ERR_CONNECTION_REFUSED @ http://localhost:3004/events:0
[79918986ms] [ERROR] Failed to load resource: net::ERR_CONNECTION_REFUSED @ http://localhost:3004/events:0
[79921993ms] [ERROR] Failed to load resource: net::ERR_CONNECTION_REFUSED @ http://localhost:3004/events:0
[79924997ms] [ERROR] Failed to load resource: net::ERR_CONNECTION_REFUSED @ http://localhost:3004/events:0
[79928004ms] [ERROR] Failed to load resource: net::ERR_CONNECTION_REFUSED @ http://localhost:3004/events:0
[79931009ms] [ERROR] Failed to load resource: net::ERR_CONNECTION_REFUSED @ http://localhost:3004/events:0
[79934015ms] [ERROR] Failed to load resource: net::ERR_CONNECTION_REFUSED @ http://localhost:3004/events:0
[79937021ms] [ERROR] Failed to load resource: net::ERR_CONNECTION_REFUSED @ http://localhost:3004/events:0
[79940026ms] [ERROR] Failed to load resource: net::ERR_CONNECTION_REFUSED @ http://localhost:3004/events:0
[79943031ms] [ERROR] Failed to load resource: net::ERR_CONNECTION_REFUSED @ http://localhost:3004/events:0
[79946038ms] [ERROR] Failed to load resource: net::ERR_CONNECTION_REFUSED @ http://localhost:3004/events:0
[79949044ms] [ERROR] Failed to load resource: net::ERR_CONNECTION_REFUSED @ http://localhost:3004/events:0
[79952050ms] [ERROR] Failed to load resource: net::ERR_CONNECTION_REFUSED @ http://localhost:3004/events:0
[79955055ms] [ERROR] Failed to load resource: net::ERR_CONNECTION_REFUSED @ http://localhost:3004/events:0
[79958061ms] [ERROR] Failed to load resource: net::ERR_CONNECTION_REFUSED @ http://localhost:3004/events:0
[79961067ms] [ERROR] Failed to load resource: net::ERR_CONNECTION_REFUSED @ http://localhost:3004/events:0
[79964074ms] [ERROR] Failed to load resource: net::ERR_CONNECTION_REFUSED @ http://localhost:3004/events:0
[79967080ms] [ERROR] Failed to load resource: net::ERR_CONNECTION_REFUSED @ http://localhost:3004/events:0
[79970086ms] [ERROR] Failed to load resource: net::ERR_CONNECTION_REFUSED @ http://localhost:3004/events:0
[79973091ms] [ERROR] Failed to load resource: net::ERR_CONNECTION_REFUSED @ http://localhost:3004/events:0
[79976097ms] [ERROR] Failed to load resource: net::ERR_CONNECTION_REFUSED @ http://localhost:3004/events:0
[79979103ms] [ERROR] Failed to load resource: net::ERR_CONNECTION_REFUSED @ http://localhost:3004/events:0
[79982109ms] [ERROR] Failed to load resource: net::ERR_CONNECTION_REFUSED @ http://localhost:3004/events:0
[79985112ms] [ERROR] Failed to load resource: net::ERR_CONNECTION_REFUSED @ http://localhost:3004/events:0
[79988118ms] [ERROR] Failed to load resource: net::ERR_CONNECTION_REFUSED @ http://localhost:3004/events:0
[79991123ms] [ERROR] Failed to load resource: net::ERR_CONNECTION_REFUSED @ http://localhost:3004/events:0
[79994128ms] [ERROR] Failed to load resource: net::ERR_CONNECTION_REFUSED @ http://localhost:3004/events:0
[79997138ms] [ERROR] Failed to load resource: net::ERR_CONNECTION_REFUSED @ http://localhost:3004/events:0
[80000143ms] [ERROR] Failed to load resource: net::ERR_CONNECTION_REFUSED @ http://localhost:3004/events:0
[80003148ms] [ERROR] Failed to load resource: net::ERR_CONNECTION_REFUSED @ http://localhost:3004/events:0
[80006155ms] [ERROR] Failed to load resource: net::ERR_CONNECTION_REFUSED @ http://localhost:3004/events:0
[80009161ms] [ERROR] Failed to load resource: net::ERR_CONNECTION_REFUSED @ http://localhost:3004/events:0
[80012163ms] [ERROR] Failed to load resource: net::ERR_CONNECTION_REFUSED @ http://localhost:3004/events:0
[80015167ms] [ERROR] Failed to load resource: net::ERR_CONNECTION_REFUSED @ http://localhost:3004/events:0
[80018170ms] [ERROR] Failed to load resource: net::ERR_CONNECTION_REFUSED @ http://localhost:3004/events:0
[80021175ms] [ERROR] Failed to load resource: net::ERR_CONNECTION_REFUSED @ http://localhost:3004/events:0
[80024180ms] [ERROR] Failed to load resource: net::ERR_CONNECTION_REFUSED @ http://localhost:3004/events:0
[80027186ms] [ERROR] Failed to load resource: net::ERR_CONNECTION_REFUSED @ http://localhost:3004/events:0
[80030192ms] [ERROR] Failed to load resource: net::ERR_CONNECTION_REFUSED @ http://localhost:3004/events:0
[80033198ms] [ERROR] Failed to load resource: net::ERR_CONNECTION_REFUSED @ http://localhost:3004/events:0
[80036203ms] [ERROR] Failed to load resource: net::ERR_CONNECTION_REFUSED @ http://localhost:3004/events:0
[80039208ms] [ERROR] Failed to load resource: net::ERR_CONNECTION_REFUSED @ http://localhost:3004/events:0
[80042216ms] [ERROR] Failed to load resource: net::ERR_CONNECTION_REFUSED @ http://localhost:3004/events:0
[80045221ms] [ERROR] Failed to load resource: net::ERR_CONNECTION_REFUSED @ http://localhost:3004/events:0
[80048227ms] [ERROR] Failed to load resource: net::ERR_CONNECTION_REFUSED @ http://localhost:3004/events:0
[80051233ms] [ERROR] Failed to load resource: net::ERR_CONNECTION_REFUSED @ http://localhost:3004/events:0
[80054238ms] [ERROR] Failed to load resource: net::ERR_CONNECTION_REFUSED @ http://localhost:3004/events:0
[80057244ms] [ERROR] Failed to load resource: net::ERR_CONNECTION_REFUSED @ http://localhost:3004/events:0
[80060248ms] [ERROR] Failed to load resource: net::ERR_CONNECTION_REFUSED @ http://localhost:3004/events:0
[80063254ms] [ERROR] Failed to load resource: net::ERR_CONNECTION_REFUSED @ http://localhost:3004/events:0
[80066260ms] [ERROR] Failed to load resource: net::ERR_CONNECTION_REFUSED @ http://localhost:3004/events:0
[80069264ms] [ERROR] Failed to load resource: net::ERR_CONNECTION_REFUSED @ http://localhost:3004/events:0
[80072269ms] [ERROR] Failed to load resource: net::ERR_CONNECTION_REFUSED @ http://localhost:3004/events:0
[80075272ms] [ERROR] Failed to load resource: net::ERR_CONNECTION_REFUSED @ http://localhost:3004/events:0
[80078278ms] [ERROR] Failed to load resource: net::ERR_CONNECTION_REFUSED @ http://localhost:3004/events:0
[80081283ms] [ERROR] Failed to load resource: net::ERR_CONNECTION_REFUSED @ http://localhost:3004/events:0
[80084286ms] [ERROR] Failed to load resource: net::ERR_CONNECTION_REFUSED @ http://localhost:3004/events:0
[80087291ms] [ERROR] Failed to load resource: net::ERR_CONNECTION_REFUSED @ http://localhost:3004/events:0
[80090297ms] [ERROR] Failed to load resource: net::ERR_CONNECTION_REFUSED @ http://localhost:3004/events:0
[80093302ms] [ERROR] Failed to load resource: net::ERR_CONNECTION_REFUSED @ http://localhost:3004/events:0
[80096308ms] [ERROR] Failed to load resource: net::ERR_CONNECTION_REFUSED @ http://localhost:3004/events:0
[80099312ms] [ERROR] Failed to load resource: net::ERR_CONNECTION_REFUSED @ http://localhost:3004/events:0
[80102317ms] [ERROR] Failed to load resource: net::ERR_CONNECTION_REFUSED @ http://localhost:3004/events:0
[80105321ms] [ERROR] Failed to load resource: net::ERR_CONNECTION_REFUSED @ http://localhost:3004/events:0
[80108327ms] [ERROR] Failed to load resource: net::ERR_CONNECTION_REFUSED @ http://localhost:3004/events:0
[80111333ms] [ERROR] Failed to load resource: net::ERR_CONNECTION_REFUSED @ http://localhost:3004/events:0
[80114337ms] [ERROR] Failed to load resource: net::ERR_CONNECTION_REFUSED @ http://localhost:3004/events:0
[80117342ms] [ERROR] Failed to load resource: net::ERR_CONNECTION_REFUSED @ http://localhost:3004/events:0
[80120348ms] [ERROR] Failed to load resource: net::ERR_CONNECTION_REFUSED @ http://localhost:3004/events:0
[80123353ms] [ERROR] Failed to load resource: net::ERR_CONNECTION_REFUSED @ http://localhost:3004/events:0
[80126360ms] [ERROR] Failed to load resource: net::ERR_CONNECTION_REFUSED @ http://localhost:3004/events:0
[80129363ms] [ERROR] Failed to load resource: net::ERR_CONNECTION_REFUSED @ http://localhost:3004/events:0
[80132367ms] [ERROR] Failed to load resource: net::ERR_CONNECTION_REFUSED @ http://localhost:3004/events:0
[80135371ms] [ERROR] Failed to load resource: net::ERR_CONNECTION_REFUSED @ http://localhost:3004/events:0
[80138376ms] [ERROR] Failed to load resource: net::ERR_CONNECTION_REFUSED @ http://localhost:3004/events:0
[80141382ms] [ERROR] Failed to load resource: net::ERR_CONNECTION_REFUSED @ http://localhost:3004/events:0
[80144386ms] [ERROR] Failed to load resource: net::ERR_CONNECTION_REFUSED @ http://localhost:3004/events:0
[80147392ms] [ERROR] Failed to load resource: net::ERR_CONNECTION_REFUSED @ http://localhost:3004/events:0
[80150398ms] [ERROR] Failed to load resource: net::ERR_CONNECTION_REFUSED @ http://localhost:3004/events:0
[80153403ms] [ERROR] Failed to load resource: net::ERR_CONNECTION_REFUSED @ http://localhost:3004/events:0
[80156408ms] [ERROR] Failed to load resource: net::ERR_CONNECTION_REFUSED @ http://localhost:3004/events:0
[80159411ms] [ERROR] Failed to load resource: net::ERR_CONNECTION_REFUSED @ http://localhost:3004/events:0
[80162417ms] [ERROR] Failed to load resource: net::ERR_CONNECTION_REFUSED @ http://localhost:3004/events:0
[80165423ms] [ERROR] Failed to load resource: net::ERR_CONNECTION_REFUSED @ http://localhost:3004/events:0
[80168429ms] [ERROR] Failed to load resource: net::ERR_CONNECTION_REFUSED @ http://localhost:3004/events:0
[80171435ms] [ERROR] Failed to load resource: net::ERR_CONNECTION_REFUSED @ http://localhost:3004/events:0
[80174439ms] [ERROR] Failed to load resource: net::ERR_CONNECTION_REFUSED @ http://localhost:3004/events:0
[80177447ms] [ERROR] Failed to load resource: net::ERR_CONNECTION_REFUSED @ http://localhost:3004/events:0
[80180451ms] [ERROR] Failed to load resource: net::ERR_CONNECTION_REFUSED @ http://localhost:3004/events:0
[80183456ms] [ERROR] Failed to load resource: net::ERR_CONNECTION_REFUSED @ http://localhost:3004/events:0
[80186463ms] [ERROR] Failed to load resource: net::ERR_CONNECTION_REFUSED @ http://localhost:3004/events:0
[80189465ms] [ERROR] Failed to load resource: net::ERR_CONNECTION_REFUSED @ http://localhost:3004/events:0
[80192470ms] [ERROR] Failed to load resource: net::ERR_CONNECTION_REFUSED @ http://localhost:3004/events:0
[80195474ms] [ERROR] Failed to load resource: net::ERR_CONNECTION_REFUSED @ http://localhost:3004/events:0
[80198481ms] [ERROR] Failed to load resource: net::ERR_CONNECTION_REFUSED @ http://localhost:3004/events:0
[80201485ms] [ERROR] Failed to load resource: net::ERR_CONNECTION_REFUSED @ http://localhost:3004/events:0
[80204489ms] [ERROR] Failed to load resource: net::ERR_CONNECTION_REFUSED @ http://localhost:3004/events:0
[80207504ms] [ERROR] Failed to load resource: net::ERR_CONNECTION_REFUSED @ http://localhost:3004/events:0
[80210508ms] [ERROR] Failed to load resource: net::ERR_CONNECTION_REFUSED @ http://localhost:3004/events:0
[80213514ms] [ERROR] Failed to load resource: net::ERR_CONNECTION_REFUSED @ http://localhost:3004/events:0
[80216520ms] [ERROR] Failed to load resource: net::ERR_CONNECTION_REFUSED @ http://localhost:3004/events:0
[80219525ms] [ERROR] Failed to load resource: net::ERR_CONNECTION_REFUSED @ http://localhost:3004/events:0
[80222530ms] [ERROR] Failed to load resource: net::ERR_CONNECTION_REFUSED @ http://localhost:3004/events:0
[80225536ms] [ERROR] Failed to load resource: net::ERR_CONNECTION_REFUSED @ http://localhost:3004/events:0
[80228541ms] [ERROR] Failed to load resource: net::ERR_CONNECTION_REFUSED @ http://localhost:3004/events:0
[80231547ms] [ERROR] Failed to load resource: net::ERR_CONNECTION_REFUSED @ http://localhost:3004/events:0
[80234552ms] [ERROR] Failed to load resource: net::ERR_CONNECTION_REFUSED @ http://localhost:3004/events:0
[80237556ms] [ERROR] Failed to load resource: net::ERR_CONNECTION_REFUSED @ http://localhost:3004/events:0
[80240563ms] [ERROR] Failed to load resource: net::ERR_CONNECTION_REFUSED @ http://localhost:3004/events:0
[80243567ms] [ERROR] Failed to load resource: net::ERR_CONNECTION_REFUSED @ http://localhost:3004/events:0
[80246572ms] [ERROR] Failed to load resource: net::ERR_CONNECTION_REFUSED @ http://localhost:3004/events:0
[80249578ms] [ERROR] Failed to load resource: net::ERR_CONNECTION_REFUSED @ http://localhost:3004/events:0
[80252581ms] [ERROR] Failed to load resource: net::ERR_CONNECTION_REFUSED @ http://localhost:3004/events:0
[80255588ms] [ERROR] Failed to load resource: net::ERR_CONNECTION_REFUSED @ http://localhost:3004/events:0
[80258593ms] [ERROR] Failed to load resource: net::ERR_CONNECTION_REFUSED @ http://localhost:3004/events:0
[80261598ms] [ERROR] Failed to load resource: net::ERR_CONNECTION_REFUSED @ http://localhost:3004/events:0
[80264603ms] [ERROR] Failed to load resource: net::ERR_CONNECTION_REFUSED @ http://localhost:3004/events:0
[80267607ms] [ERROR] Failed to load resource: net::ERR_CONNECTION_REFUSED @ http://localhost:3004/events:0
[80270612ms] [ERROR] Failed to load resource: net::ERR_CONNECTION_REFUSED @ http://localhost:3004/events:0
[80273618ms] [ERROR] Failed to load resource: net::ERR_CONNECTION_REFUSED @ http://localhost:3004/events:0
[80276624ms] [ERROR] Failed to load resource: net::ERR_CONNECTION_REFUSED @ http://localhost:3004/events:0
[80279631ms] [ERROR] Failed to load resource: net::ERR_CONNECTION_REFUSED @ http://localhost:3004/events:0
[80282637ms] [ERROR] Failed to load resource: net::ERR_CONNECTION_REFUSED @ http://localhost:3004/events:0
[80285643ms] [ERROR] Failed to load resource: net::ERR_CONNECTION_REFUSED @ http://localhost:3004/events:0
[80288647ms] [ERROR] Failed to load resource: net::ERR_CONNECTION_REFUSED @ http://localhost:3004/events:0
[80291651ms] [ERROR] Failed to load resource: net::ERR_CONNECTION_REFUSED @ http://localhost:3004/events:0
[80294656ms] [ERROR] Failed to load resource: net::ERR_CONNECTION_REFUSED @ http://localhost:3004/events:0
[80297661ms] [ERROR] Failed to load resource: net::ERR_CONNECTION_REFUSED @ http://localhost:3004/events:0
[80300667ms] [ERROR] Failed to load resource: net::ERR_CONNECTION_REFUSED @ http://localhost:3004/events:0
[80303672ms] [ERROR] Failed to load resource: net::ERR_CONNECTION_REFUSED @ http://localhost:3004/events:0
[80306678ms] [ERROR] Failed to load resource: net::ERR_CONNECTION_REFUSED @ http://localhost:3004/events:0
[80309684ms] [ERROR] Failed to load resource: net::ERR_CONNECTION_REFUSED @ http://localhost:3004/events:0
[80312690ms] [ERROR] Failed to load resource: net::ERR_CONNECTION_REFUSED @ http://localhost:3004/events:0
[80315696ms] [ERROR] Failed to load resource: net::ERR_CONNECTION_REFUSED @ http://localhost:3004/events:0
[80318704ms] [ERROR] Failed to load resource: net::ERR_CONNECTION_REFUSED @ http://localhost:3004/events:0
[80321710ms] [ERROR] Failed to load resource: net::ERR_CONNECTION_REFUSED @ http://localhost:3004/events:0
[80324717ms] [ERROR] Failed to load resource: net::ERR_CONNECTION_REFUSED @ http://localhost:3004/events:0
[80327723ms] [ERROR] Failed to load resource: net::ERR_CONNECTION_REFUSED @ http://localhost:3004/events:0
[80330728ms] [ERROR] Failed to load resource: net::ERR_CONNECTION_REFUSED @ http://localhost:3004/events:0
[80333736ms] [ERROR] Failed to load resource: net::ERR_CONNECTION_REFUSED @ http://localhost:3004/events:0
[80336741ms] [ERROR] Failed to load resource: net::ERR_CONNECTION_REFUSED @ http://localhost:3004/events:0
[80339747ms] [ERROR] Failed to load resource: net::ERR_CONNECTION_REFUSED @ http://localhost:3004/events:0
[80342752ms] [ERROR] Failed to load resource: net::ERR_CONNECTION_REFUSED @ http://localhost:3004/events:0
[80345758ms] [ERROR] Failed to load resource: net::ERR_CONNECTION_REFUSED @ http://localhost:3004/events:0
[80348762ms] [ERROR] Failed to load resource: net::ERR_CONNECTION_REFUSED @ http://localhost:3004/events:0
[80351769ms] [ERROR] Failed to load resource: net::ERR_CONNECTION_REFUSED @ http://localhost:3004/events:0
[80354773ms] [ERROR] Failed to load resource: net::ERR_CONNECTION_REFUSED @ http://localhost:3004/events:0
[80357780ms] [ERROR] Failed to load resource: net::ERR_CONNECTION_REFUSED @ http://localhost:3004/events:0
[80360785ms] [ERROR] Failed to load resource: net::ERR_CONNECTION_REFUSED @ http://localhost:3004/events:0
[80363792ms] [ERROR] Failed to load resource: net::ERR_CONNECTION_REFUSED @ http://localhost:3004/events:0
[80366799ms] [ERROR] Failed to load resource: net::ERR_CONNECTION_REFUSED @ http://localhost:3004/events:0
[80369806ms] [ERROR] Failed to load resource: net::ERR_CONNECTION_REFUSED @ http://localhost:3004/events:0
[80372812ms] [ERROR] Failed to load resource: net::ERR_CONNECTION_REFUSED @ http://localhost:3004/events:0
[80375818ms] [ERROR] Failed to load resource: net::ERR_CONNECTION_REFUSED @ http://localhost:3004/events:0
[80378821ms] [ERROR] Failed to load resource: net::ERR_CONNECTION_REFUSED @ http://localhost:3004/events:0
[80381826ms] [ERROR] Failed to load resource: net::ERR_CONNECTION_REFUSED @ http://localhost:3004/events:0
[80384833ms] [ERROR] Failed to load resource: net::ERR_CONNECTION_REFUSED @ http://localhost:3004/events:0
[80387838ms] [ERROR] Failed to load resource: net::ERR_CONNECTION_REFUSED @ http://localhost:3004/events:0
[80390843ms] [ERROR] Failed to load resource: net::ERR_CONNECTION_REFUSED @ http://localhost:3004/events:0
[80393849ms] [ERROR] Failed to load resource: net::ERR_CONNECTION_REFUSED @ http://localhost:3004/events:0
[80396855ms] [ERROR] Failed to load resource: net::ERR_CONNECTION_REFUSED @ http://localhost:3004/events:0
[80399858ms] [ERROR] Failed to load resource: net::ERR_CONNECTION_REFUSED @ http://localhost:3004/events:0
[80402863ms] [ERROR] Failed to load resource: net::ERR_CONNECTION_REFUSED @ http://localhost:3004/events:0
[80405869ms] [ERROR] Failed to load resource: net::ERR_CONNECTION_REFUSED @ http://localhost:3004/events:0
[80408871ms] [ERROR] Failed to load resource: net::ERR_CONNECTION_REFUSED @ http://localhost:3004/events:0
[80411877ms] [ERROR] Failed to load resource: net::ERR_CONNECTION_REFUSED @ http://localhost:3004/events:0
[80414883ms] [ERROR] Failed to load resource: net::ERR_CONNECTION_REFUSED @ http://localhost:3004/events:0
[80417892ms] [ERROR] Failed to load resource: net::ERR_CONNECTION_REFUSED @ http://localhost:3004/events:0
[80420899ms] [ERROR] Failed to load resource: net::ERR_CONNECTION_REFUSED @ http://localhost:3004/events:0
[80423905ms] [ERROR] Failed to load resource: net::ERR_CONNECTION_REFUSED @ http://localhost:3004/events:0
[80426909ms] [ERROR] Failed to load resource: net::ERR_CONNECTION_REFUSED @ http://localhost:3004/events:0
[80429917ms] [ERROR] Failed to load resource: net::ERR_CONNECTION_REFUSED @ http://localhost:3004/events:0
[80432923ms] [ERROR] Failed to load resource: net::ERR_CONNECTION_REFUSED @ http://localhost:3004/events:0
[80435928ms] [ERROR] Failed to load resource: net::ERR_CONNECTION_REFUSED @ http://localhost:3004/events:0
[80438931ms] [ERROR] Failed to load resource: net::ERR_CONNECTION_REFUSED @ http://localhost:3004/events:0
[80441938ms] [ERROR] Failed to load resource: net::ERR_CONNECTION_REFUSED @ http://localhost:3004/events:0
[80444945ms] [ERROR] Failed to load resource: net::ERR_CONNECTION_REFUSED @ http://localhost:3004/events:0
[80447950ms] [ERROR] Failed to load resource: net::ERR_CONNECTION_REFUSED @ http://localhost:3004/events:0
[80450956ms] [ERROR] Failed to load resource: net::ERR_CONNECTION_REFUSED @ http://localhost:3004/events:0
[80453961ms] [ERROR] Failed to load resource: net::ERR_CONNECTION_REFUSED @ http://localhost:3004/events:0
[80456968ms] [ERROR] Failed to load resource: net::ERR_CONNECTION_REFUSED @ http://localhost:3004/events:0
[80459972ms] [ERROR] Failed to load resource: net::ERR_CONNECTION_REFUSED @ http://localhost:3004/events:0
[80462978ms] [ERROR] Failed to load resource: net::ERR_CONNECTION_REFUSED @ http://localhost:3004/events:0
[80465984ms] [ERROR] Failed to load resource: net::ERR_CONNECTION_REFUSED @ http://localhost:3004/events:0
[80468989ms] [ERROR] Failed to load resource: net::ERR_CONNECTION_REFUSED @ http://localhost:3004/events:0
[80471994ms] [ERROR] Failed to load resource: net::ERR_CONNECTION_REFUSED @ http://localhost:3004/events:0
[80475001ms] [ERROR] Failed to load resource: net::ERR_CONNECTION_REFUSED @ http://localhost:3004/events:0
[80478008ms] [ERROR] Failed to load resource: net::ERR_CONNECTION_REFUSED @ http://localhost:3004/events:0
[80481013ms] [ERROR] Failed to load resource: net::ERR_CONNECTION_REFUSED @ http://localhost:3004/events:0
[80484018ms] [ERROR] Failed to load resource: net::ERR_CONNECTION_REFUSED @ http://localhost:3004/events:0
[80487024ms] [ERROR] Failed to load resource: net::ERR_CONNECTION_REFUSED @ http://localhost:3004/events:0
[80490033ms] [ERROR] Failed to load resource: net::ERR_CONNECTION_REFUSED @ http://localhost:3004/events:0
[80493039ms] [ERROR] Failed to load resource: net::ERR_CONNECTION_REFUSED @ http://localhost:3004/events:0
[80496045ms] [ERROR] Failed to load resource: net::ERR_CONNECTION_REFUSED @ http://localhost:3004/events:0
[80499052ms] [ERROR] Failed to load resource: net::ERR_CONNECTION_REFUSED @ http://localhost:3004/events:0
[80502057ms] [ERROR] Failed to load resource: net::ERR_CONNECTION_REFUSED @ http://localhost:3004/events:0
[80505063ms] [ERROR] Failed to load resource: net::ERR_CONNECTION_REFUSED @ http://localhost:3004/events:0
[80508069ms] [ERROR] Failed to load resource: net::ERR_CONNECTION_REFUSED @ http://localhost:3004/events:0
[80511074ms] [ERROR] Failed to load resource: net::ERR_CONNECTION_REFUSED @ http://localhost:3004/events:0
[80514079ms] [ERROR] Failed to load resource: net::ERR_CONNECTION_REFUSED @ http://localhost:3004/events:0
[80517085ms] [ERROR] Failed to load resource: net::ERR_CONNECTION_REFUSED @ http://localhost:3004/events:0
[80520088ms] [ERROR] Failed to load resource: net::ERR_CONNECTION_REFUSED @ http://localhost:3004/events:0
[80523094ms] [ERROR] Failed to load resource: net::ERR_CONNECTION_REFUSED @ http://localhost:3004/events:0
[80526099ms] [ERROR] Failed to load resource: net::ERR_CONNECTION_REFUSED @ http://localhost:3004/events:0
[80529105ms] [ERROR] Failed to load resource: net::ERR_CONNECTION_REFUSED @ http://localhost:3004/events:0
[80532110ms] [ERROR] Failed to load resource: net::ERR_CONNECTION_REFUSED @ http://localhost:3004/events:0
[80535116ms] [ERROR] Failed to load resource: net::ERR_CONNECTION_REFUSED @ http://localhost:3004/events:0
[80538122ms] [ERROR] Failed to load resource: net::ERR_CONNECTION_REFUSED @ http://localhost:3004/events:0
[80541128ms] [ERROR] Failed to load resource: net::ERR_CONNECTION_REFUSED @ http://localhost:3004/events:0
[80544132ms] [ERROR] Failed to load resource: net::ERR_CONNECTION_REFUSED @ http://localhost:3004/events:0
[80547138ms] [ERROR] Failed to load resource: net::ERR_CONNECTION_REFUSED @ http://localhost:3004/events:0
[80550143ms] [ERROR] Failed to load resource: net::ERR_CONNECTION_REFUSED @ http://localhost:3004/events:0
[80553149ms] [ERROR] Failed to load resource: net::ERR_CONNECTION_REFUSED @ http://localhost:3004/events:0
[80556154ms] [ERROR] Failed to load resource: net::ERR_CONNECTION_REFUSED @ http://localhost:3004/events:0
[80559160ms] [ERROR] Failed to load resource: net::ERR_CONNECTION_REFUSED @ http://localhost:3004/events:0
[80562166ms] [ERROR] Failed to load resource: net::ERR_CONNECTION_REFUSED @ http://localhost:3004/events:0
[80565175ms] [ERROR] Failed to load resource: net::ERR_CONNECTION_REFUSED @ http://localhost:3004/events:0
[80568181ms] [ERROR] Failed to load resource: net::ERR_CONNECTION_REFUSED @ http://localhost:3004/events:0
[80571187ms] [ERROR] Failed to load resource: net::ERR_CONNECTION_REFUSED @ http://localhost:3004/events:0
[80574192ms] [ERROR] Failed to load resource: net::ERR_CONNECTION_REFUSED @ http://localhost:3004/events:0
[80577198ms] [ERROR] Failed to load resource: net::ERR_CONNECTION_REFUSED @ http://localhost:3004/events:0
[80580203ms] [ERROR] Failed to load resource: net::ERR_CONNECTION_REFUSED @ http://localhost:3004/events:0
[80583210ms] [ERROR] Failed to load resource: net::ERR_CONNECTION_REFUSED @ http://localhost:3004/events:0
[80586215ms] [ERROR] Failed to load resource: net::ERR_CONNECTION_REFUSED @ http://localhost:3004/events:0
[80589222ms] [ERROR] Failed to load resource: net::ERR_CONNECTION_REFUSED @ http://localhost:3004/events:0
[80592228ms] [ERROR] Failed to load resource: net::ERR_CONNECTION_REFUSED @ http://localhost:3004/events:0
[80595234ms] [ERROR] Failed to load resource: net::ERR_CONNECTION_REFUSED @ http://localhost:3004/events:0
[80598240ms] [ERROR] Failed to load resource: net::ERR_CONNECTION_REFUSED @ http://localhost:3004/events:0
[80601244ms] [ERROR] Failed to load resource: net::ERR_CONNECTION_REFUSED @ http://localhost:3004/events:0
[80604250ms] [ERROR] Failed to load resource: net::ERR_CONNECTION_REFUSED @ http://localhost:3004/events:0
[80607256ms] [ERROR] Failed to load resource: net::ERR_CONNECTION_REFUSED @ http://localhost:3004/events:0
[80610259ms] [ERROR] Failed to load resource: net::ERR_CONNECTION_REFUSED @ http://localhost:3004/events:0
[80613265ms] [ERROR] Failed to load resource: net::ERR_CONNECTION_REFUSED @ http://localhost:3004/events:0
[80616269ms] [ERROR] Failed to load resource: net::ERR_CONNECTION_REFUSED @ http://localhost:3004/events:0
[80619274ms] [ERROR] Failed to load resource: net::ERR_CONNECTION_REFUSED @ http://localhost:3004/events:0
[80622280ms] [ERROR] Failed to load resource: net::ERR_CONNECTION_REFUSED @ http://localhost:3004/events:0
[80625286ms] [ERROR] Failed to load resource: net::ERR_CONNECTION_REFUSED @ http://localhost:3004/events:0
[80628292ms] [ERROR] Failed to load resource: net::ERR_CONNECTION_REFUSED @ http://localhost:3004/events:0
[80631298ms] [ERROR] Failed to load resource: net::ERR_CONNECTION_REFUSED @ http://localhost:3004/events:0
[80634302ms] [ERROR] Failed to load resource: net::ERR_CONNECTION_REFUSED @ http://localhost:3004/events:0
[80637307ms] [ERROR] Failed to load resource: net::ERR_CONNECTION_REFUSED @ http://localhost:3004/events:0
[80640313ms] [ERROR] Failed to load resource: net::ERR_CONNECTION_REFUSED @ http://localhost:3004/events:0
[80643319ms] [ERROR] Failed to load resource: net::ERR_CONNECTION_REFUSED @ http://localhost:3004/events:0
[80646326ms] [ERROR] Failed to load resource: net::ERR_CONNECTION_REFUSED @ http://localhost:3004/events:0
[80649331ms] [ERROR] Failed to load resource: net::ERR_CONNECTION_REFUSED @ http://localhost:3004/events:0
[80652337ms] [ERROR] Failed to load resource: net::ERR_CONNECTION_REFUSED @ http://localhost:3004/events:0
[80655342ms] [ERROR] Failed to load resource: net::ERR_CONNECTION_REFUSED @ http://localhost:3004/events:0
[80658348ms] [ERROR] Failed to load resource: net::ERR_CONNECTION_REFUSED @ http://localhost:3004/events:0
[80661355ms] [ERROR] Failed to load resource: net::ERR_CONNECTION_REFUSED @ http://localhost:3004/events:0
[80664362ms] [ERROR] Failed to load resource: net::ERR_CONNECTION_REFUSED @ http://localhost:3004/events:0
[80667368ms] [ERROR] Failed to load resource: net::ERR_CONNECTION_REFUSED @ http://localhost:3004/events:0
[80670373ms] [ERROR] Failed to load resource: net::ERR_CONNECTION_REFUSED @ http://localhost:3004/events:0
[80673379ms] [ERROR] Failed to load resource: net::ERR_CONNECTION_REFUSED @ http://localhost:3004/events:0
[80676385ms] [ERROR] Failed to load resource: net::ERR_CONNECTION_REFUSED @ http://localhost:3004/events:0
[80679389ms] [ERROR] Failed to load resource: net::ERR_CONNECTION_REFUSED @ http://localhost:3004/events:0
[80682396ms] [ERROR] Failed to load resource: net::ERR_CONNECTION_REFUSED @ http://localhost:3004/events:0
[80685403ms] [ERROR] Failed to load resource: net::ERR_CONNECTION_REFUSED @ http://localhost:3004/events:0
[80688409ms] [ERROR] Failed to load resource: net::ERR_CONNECTION_REFUSED @ http://localhost:3004/events:0
[80691413ms] [ERROR] Failed to load resource: net::ERR_CONNECTION_REFUSED @ http://localhost:3004/events:0
[80694419ms] [ERROR] Failed to load resource: net::ERR_CONNECTION_REFUSED @ http://localhost:3004/events:0
[80697425ms] [ERROR] Failed to load resource: net::ERR_CONNECTION_REFUSED @ http://localhost:3004/events:0
[80700431ms] [ERROR] Failed to load resource: net::ERR_CONNECTION_REFUSED @ http://localhost:3004/events:0
[80703437ms] [ERROR] Failed to load resource: net::ERR_CONNECTION_REFUSED @ http://localhost:3004/events:0
[80706442ms] [ERROR] Failed to load resource: net::ERR_CONNECTION_REFUSED @ http://localhost:3004/events:0
[80709447ms] [ERROR] Failed to load resource: net::ERR_CONNECTION_REFUSED @ http://localhost:3004/events:0
[80712454ms] [ERROR] Failed to load resource: net::ERR_CONNECTION_REFUSED @ http://localhost:3004/events:0
[80715461ms] [ERROR] Failed to load resource: net::ERR_CONNECTION_REFUSED @ http://localhost:3004/events:0
[80718467ms] [ERROR] Failed to load resource: net::ERR_CONNECTION_REFUSED @ http://localhost:3004/events:0
[80721472ms] [ERROR] Failed to load resource: net::ERR_CONNECTION_REFUSED @ http://localhost:3004/events:0
[80724477ms] [ERROR] Failed to load resource: net::ERR_CONNECTION_REFUSED @ http://localhost:3004/events:0
[80727483ms] [ERROR] Failed to load resource: net::ERR_CONNECTION_REFUSED @ http://localhost:3004/events:0
[80730488ms] [ERROR] Failed to load resource: net::ERR_CONNECTION_REFUSED @ http://localhost:3004/events:0
[80733497ms] [ERROR] Failed to load resource: net::ERR_CONNECTION_REFUSED @ http://localhost:3004/events:0
[80736504ms] [ERROR] Failed to load resource: net::ERR_CONNECTION_REFUSED @ http://localhost:3004/events:0
[80739511ms] [ERROR] Failed to load resource: net::ERR_CONNECTION_REFUSED @ http://localhost:3004/events:0
[80742518ms] [ERROR] Failed to load resource: net::ERR_CONNECTION_REFUSED @ http://localhost:3004/events:0
[80745529ms] [ERROR] Failed to load resource: net::ERR_CONNECTION_REFUSED @ http://localhost:3004/events:0
[80748534ms] [ERROR] Failed to load resource: net::ERR_CONNECTION_REFUSED @ http://localhost:3004/events:0
[80751540ms] [ERROR] Failed to load resource: net::ERR_CONNECTION_REFUSED @ http://localhost:3004/events:0
[80754543ms] [ERROR] Failed to load resource: net::ERR_CONNECTION_REFUSED @ http://localhost:3004/events:0
[80757548ms] [ERROR] Failed to load resource: net::ERR_CONNECTION_REFUSED @ http://localhost:3004/events:0
[80760554ms] [ERROR] Failed to load resource: net::ERR_CONNECTION_REFUSED @ http://localhost:3004/events:0
[80763557ms] [ERROR] Failed to load resource: net::ERR_CONNECTION_REFUSED @ http://localhost:3004/events:0
[80766563ms] [ERROR] Failed to load resource: net::ERR_CONNECTION_REFUSED @ http://localhost:3004/events:0
[80769564ms] [ERROR] Failed to load resource: net::ERR_CONNECTION_REFUSED @ http://localhost:3004/events:0
[80772568ms] [ERROR] Failed to load resource: net::ERR_CONNECTION_REFUSED @ http://localhost:3004/events:0
[80775573ms] [ERROR] Failed to load resource: net::ERR_CONNECTION_REFUSED @ http://localhost:3004/events:0
[80778579ms] [ERROR] Failed to load resource: net::ERR_CONNECTION_REFUSED @ http://localhost:3004/events:0
[80781584ms] [ERROR] Failed to load resource: net::ERR_CONNECTION_REFUSED @ http://localhost:3004/events:0
[80784588ms] [ERROR] Failed to load resource: net::ERR_CONNECTION_REFUSED @ http://localhost:3004/events:0
[80787594ms] [ERROR] Failed to load resource: net::ERR_CONNECTION_REFUSED @ http://localhost:3004/events:0
[80790604ms] [ERROR] Failed to load resource: net::ERR_CONNECTION_REFUSED @ http://localhost:3004/events:0
[80793607ms] [ERROR] Failed to load resource: net::ERR_CONNECTION_REFUSED @ http://localhost:3004/events:0
[80796612ms] [ERROR] Failed to load resource: net::ERR_CONNECTION_REFUSED @ http://localhost:3004/events:0
[80799616ms] [ERROR] Failed to load resource: net::ERR_CONNECTION_REFUSED @ http://localhost:3004/events:0
[80802621ms] [ERROR] Failed to load resource: net::ERR_CONNECTION_REFUSED @ http://localhost:3004/events:0
[80805627ms] [ERROR] Failed to load resource: net::ERR_CONNECTION_REFUSED @ http://localhost:3004/events:0
[80808633ms] [ERROR] Failed to load resource: net::ERR_CONNECTION_REFUSED @ http://localhost:3004/events:0
[80811639ms] [ERROR] Failed to load resource: net::ERR_CONNECTION_REFUSED @ http://localhost:3004/events:0
[80814642ms] [ERROR] Failed to load resource: net::ERR_CONNECTION_REFUSED @ http://localhost:3004/events:0
[80817648ms] [ERROR] Failed to load resource: net::ERR_CONNECTION_REFUSED @ http://localhost:3004/events:0
[80820653ms] [ERROR] Failed to load resource: net::ERR_CONNECTION_REFUSED @ http://localhost:3004/events:0
[80823657ms] [ERROR] Failed to load resource: net::ERR_CONNECTION_REFUSED @ http://localhost:3004/events:0
[80826665ms] [ERROR] Failed to load resource: net::ERR_CONNECTION_REFUSED @ http://localhost:3004/events:0
[80829667ms] [ERROR] Failed to load resource: net::ERR_CONNECTION_REFUSED @ http://localhost:3004/events:0
[80832671ms] [ERROR] Failed to load resource: net::ERR_CONNECTION_REFUSED @ http://localhost:3004/events:0
[80835675ms] [ERROR] Failed to load resource: net::ERR_CONNECTION_REFUSED @ http://localhost:3004/events:0
[80838681ms] [ERROR] Failed to load resource: net::ERR_CONNECTION_REFUSED @ http://localhost:3004/events:0
[80841687ms] [ERROR] Failed to load resource: net::ERR_CONNECTION_REFUSED @ http://localhost:3004/events:0
[80844691ms] [ERROR] Failed to load resource: net::ERR_CONNECTION_REFUSED @ http://localhost:3004/events:0
[80847697ms] [ERROR] Failed to load resource: net::ERR_CONNECTION_REFUSED @ http://localhost:3004/events:0
[80850703ms] [ERROR] Failed to load resource: net::ERR_CONNECTION_REFUSED @ http://localhost:3004/events:0
[80853708ms] [ERROR] Failed to load resource: net::ERR_CONNECTION_REFUSED @ http://localhost:3004/events:0
[80856711ms] [ERROR] Failed to load resource: net::ERR_CONNECTION_REFUSED @ http://localhost:3004/events:0
[80859715ms] [ERROR] Failed to load resource: net::ERR_CONNECTION_REFUSED @ http://localhost:3004/events:0
[80862721ms] [ERROR] Failed to load resource: net::ERR_CONNECTION_REFUSED @ http://localhost:3004/events:0
[80865723ms] [ERROR] Failed to load resource: net::ERR_CONNECTION_REFUSED @ http://localhost:3004/events:0
[80868729ms] [ERROR] Failed to load resource: net::ERR_CONNECTION_REFUSED @ http://localhost:3004/events:0
[80871740ms] [ERROR] Failed to load resource: net::ERR_CONNECTION_REFUSED @ http://localhost:3004/events:0
[80874828ms] [ERROR] Failed to load resource: net::ERR_CONNECTION_REFUSED @ http://localhost:3004/events:0
[80877831ms] [ERROR] Failed to load resource: net::ERR_CONNECTION_REFUSED @ http://localhost:3004/events:0
[80880834ms] [ERROR] Failed to load resource: net::ERR_CONNECTION_REFUSED @ http://localhost:3004/events:0
[80883838ms] [ERROR] Failed to load resource: net::ERR_CONNECTION_REFUSED @ http://localhost:3004/events:0
[80886844ms] [ERROR] Failed to load resource: net::ERR_CONNECTION_REFUSED @ http://localhost:3004/events:0
[80889848ms] [ERROR] Failed to load resource: net::ERR_CONNECTION_REFUSED @ http://localhost:3004/events:0
[80892851ms] [ERROR] Failed to load resource: net::ERR_CONNECTION_REFUSED @ http://localhost:3004/events:0
[80895855ms] [ERROR] Failed to load resource: net::ERR_CONNECTION_REFUSED @ http://localhost:3004/events:0
[80898859ms] [ERROR] Failed to load resource: net::ERR_CONNECTION_REFUSED @ http://localhost:3004/events:0
[80901864ms] [ERROR] Failed to load resource: net::ERR_CONNECTION_REFUSED @ http://localhost:3004/events:0
[80904867ms] [ERROR] Failed to load resource: net::ERR_CONNECTION_REFUSED @ http://localhost:3004/events:0
[80907872ms] [ERROR] Failed to load resource: net::ERR_CONNECTION_REFUSED @ http://localhost:3004/events:0
[80910876ms] [ERROR] Failed to load resource: net::ERR_CONNECTION_REFUSED @ http://localhost:3004/events:0
[80913879ms] [ERROR] Failed to load resource: net::ERR_CONNECTION_REFUSED @ http://localhost:3004/events:0
[80916883ms] [ERROR] Failed to load resource: net::ERR_CONNECTION_REFUSED @ http://localhost:3004/events:0
[80919887ms] [ERROR] Failed to load resource: net::ERR_CONNECTION_REFUSED @ http://localhost:3004/events:0
[80922892ms] [ERROR] Failed to load resource: net::ERR_CONNECTION_REFUSED @ http://localhost:3004/events:0
[80925897ms] [ERROR] Failed to load resource: net::ERR_CONNECTION_REFUSED @ http://localhost:3004/events:0
[80928902ms] [ERROR] Failed to load resource: net::ERR_CONNECTION_REFUSED @ http://localhost:3004/events:0
[80931907ms] [ERROR] Failed to load resource: net::ERR_CONNECTION_REFUSED @ http://localhost:3004/events:0
[80934911ms] [ERROR] Failed to load resource: net::ERR_CONNECTION_REFUSED @ http://localhost:3004/events:0
[80937916ms] [ERROR] Failed to load resource: net::ERR_CONNECTION_REFUSED @ http://localhost:3004/events:0
[80940921ms] [ERROR] Failed to load resource: net::ERR_CONNECTION_REFUSED @ http://localhost:3004/events:0
[80943926ms] [ERROR] Failed to load resource: net::ERR_CONNECTION_REFUSED @ http://localhost:3004/events:0
[80946929ms] [ERROR] Failed to load resource: net::ERR_CONNECTION_REFUSED @ http://localhost:3004/events:0
[80949933ms] [ERROR] Failed to load resource: net::ERR_CONNECTION_REFUSED @ http://localhost:3004/events:0
[80952936ms] [ERROR] Failed to load resource: net::ERR_CONNECTION_REFUSED @ http://localhost:3004/events:0
[80955942ms] [ERROR] Failed to load resource: net::ERR_CONNECTION_REFUSED @ http://localhost:3004/events:0
[80958947ms] [ERROR] Failed to load resource: net::ERR_CONNECTION_REFUSED @ http://localhost:3004/events:0
[80961953ms] [ERROR] Failed to load resource: net::ERR_CONNECTION_REFUSED @ http://localhost:3004/events:0
[80964960ms] [ERROR] Failed to load resource: net::ERR_CONNECTION_REFUSED @ http://localhost:3004/events:0
[80967964ms] [ERROR] Failed to load resource: net::ERR_CONNECTION_REFUSED @ http://localhost:3004/events:0
[80970971ms] [ERROR] Failed to load resource: net::ERR_CONNECTION_REFUSED @ http://localhost:3004/events:0
[80973975ms] [ERROR] Failed to load resource: net::ERR_CONNECTION_REFUSED @ http://localhost:3004/events:0
[80976979ms] [ERROR] Failed to load resource: net::ERR_CONNECTION_REFUSED @ http://localhost:3004/events:0
[80979983ms] [ERROR] Failed to load resource: net::ERR_CONNECTION_REFUSED @ http://localhost:3004/events:0
[80982988ms] [ERROR] Failed to load resource: net::ERR_CONNECTION_REFUSED @ http://localhost:3004/events:0
[80985994ms] [ERROR] Failed to load resource: net::ERR_CONNECTION_REFUSED @ http://localhost:3004/events:0
[80988997ms] [ERROR] Failed to load resource: net::ERR_CONNECTION_REFUSED @ http://localhost:3004/events:0
[80992001ms] [ERROR] Failed to load resource: net::ERR_CONNECTION_REFUSED @ http://localhost:3004/events:0
[80995008ms] [ERROR] Failed to load resource: net::ERR_CONNECTION_REFUSED @ http://localhost:3004/events:0
[80998010ms] [ERROR] Failed to load resource: net::ERR_CONNECTION_REFUSED @ http://localhost:3004/events:0
[81001015ms] [ERROR] Failed to load resource: net::ERR_CONNECTION_REFUSED @ http://localhost:3004/events:0
[81004019ms] [ERROR] Failed to load resource: net::ERR_CONNECTION_REFUSED @ http://localhost:3004/events:0
[81007025ms] [ERROR] Failed to load resource: net::ERR_CONNECTION_REFUSED @ http://localhost:3004/events:0
[81010035ms] [ERROR] Failed to load resource: net::ERR_CONNECTION_REFUSED @ http://localhost:3004/events:0
[81013040ms] [ERROR] Failed to load resource: net::ERR_CONNECTION_REFUSED @ http://localhost:3004/events:0
[81016045ms] [ERROR] Failed to load resource: net::ERR_CONNECTION_REFUSED @ http://localhost:3004/events:0
[81019050ms] [ERROR] Failed to load resource: net::ERR_CONNECTION_REFUSED @ http://localhost:3004/events:0
[81022055ms] [ERROR] Failed to load resource: net::ERR_CONNECTION_REFUSED @ http://localhost:3004/events:0
[81025061ms] [ERROR] Failed to load resource: net::ERR_CONNECTION_REFUSED @ http://localhost:3004/events:0
[81028064ms] [ERROR] Failed to load resource: net::ERR_CONNECTION_REFUSED @ http://localhost:3004/events:0
[81031068ms] [ERROR] Failed to load resource: net::ERR_CONNECTION_REFUSED @ http://localhost:3004/events:0
[81034072ms] [ERROR] Failed to load resource: net::ERR_CONNECTION_REFUSED @ http://localhost:3004/events:0
[81037077ms] [ERROR] Failed to load resource: net::ERR_CONNECTION_REFUSED @ http://localhost:3004/events:0
[81040081ms] [ERROR] Failed to load resource: net::ERR_CONNECTION_REFUSED @ http://localhost:3004/events:0
[81043085ms] [ERROR] Failed to load resource: net::ERR_CONNECTION_REFUSED @ http://localhost:3004/events:0
[81046091ms] [ERROR] Failed to load resource: net::ERR_CONNECTION_REFUSED @ http://localhost:3004/events:0
[81049097ms] [ERROR] Failed to load resource: net::ERR_CONNECTION_REFUSED @ http://localhost:3004/events:0
[81052102ms] [ERROR] Failed to load resource: net::ERR_CONNECTION_REFUSED @ http://localhost:3004/events:0
